,index,Timestamp,Open,High,Low,Close,Volume_(BTC),Volume_(Currency),Weighted_Price
0,4856377,1617088860,58069.66,58088.16,58044.42,58088.16,0.54750699,31789.5901,58062.436975
1,4856378,1617088920,58118.61,58219.8,58118.61,58203.83,1.66931482,97147.848566,58196.241597
2,4856379,1617088980,58231.47,58299.0,58222.25,58222.25,14.23494538,829541.86612,58275.029793
3,4856380,1617089040,58253.35,58254.59,58142.32,58142.32,0.90572186,52721.165031,58209.001416
4,4856381,1617089100,58199.66,58221.85,58177.48,58177.48,0.54352245,31631.172024,58196.624673
5,4856382,1617089160,58200.16,58200.16,58134.46,58137.6,0.79883319,46463.206159,58163.840387
6,4856383,1617089220,58150.93,58150.93,58130.78,58150.93,2.35771144,137100.59926,58149.863861
7,4856384,1617089280,58140.93,58177.99,58127.46,58158.02,2.42855702,141244.49826,58159.844344
8,4856385,1617089340,58165.18,58171.03,58146.91,58146.91,7.2709097,422877.2346,58160.154925
9,4856386,1617089400,58150.17,58154.6,58102.32,58102.32,1.10115712,64001.941998,58122.443052
10,4856387,1617089460,58107.53,58114.53,58078.94,58087.6,4.59582645,266990.51633,58094.125013
11,4856388,1617089520,58094.4,58127.0,58094.4,58127.0,0.64342638,37394.418881,58117.634035
12,4856389,1617089580,58123.59,58130.22,58094.4,58094.4,0.75215455,43718.347085,58124.154251
13,4856390,1617089640,58107.13,58136.0,58104.23,58128.82,0.87631733,50934.086574,58122.879499
14,4856391,1617089700,58104.29,58104.29,58091.95,58104.29,0.01711579,994.47109387,58102.552898
15,4856392,1617089760,58064.73,58080.15,58051.6,58080.15,0.06260114,3635.2843766,58070.577894
16,4856393,1617089820,58074.99,58113.77,58066.49,58108.54,0.32603769,18937.944957,58085.140271
17,4856394,1617089880,58107.63,58138.79,58107.63,58137.25,1.18525937,68899.561853,58130.366734
18,4856395,1617089940,58137.24,58138.93,58116.88,58138.93,0.32841206,19092.388077,58135.465783
19,4856396,1617090000,58138.93,58160.09,58138.03,58160.09,0.91832079,53406.320677,58156.497445
20,4856397,1617090060,58178.54,58190.45,58178.54,58183.85,0.03575791,2080.6030238,58185.811862
21,4856398,1617090120,58198.87,58228.0,58193.49,58202.45,0.94411618,54949.612642,58202.172366
22,4856399,1617090180,58196.43,58196.43,58185.77,58185.77,0.26200116,15246.137229,58191.10583
23,4856400,1617090240,58175.61,58194.74,58175.61,58177.93,0.01895969,1103.2472112,58189.095457
24,4856401,1617090300,58166.18,58166.43,58014.96,58014.96,1.13032064,65674.373742,58102.428123
25,4856402,1617090360,58033.44,58066.83,58000.0,58064.99,2.83359023,164474.4052,58044.527206
26,4856403,1617090420,58066.83,58088.01,58066.83,58088.01,0.02665185,1547.866899,58077.2779
27,4856404,1617090480,58077.41,58095.83,58053.35,58089.66,1.80405484,104746.84985,58061.898968
28,4856405,1617090540,58065.79,58069.35,58045.31,58045.31,1.79104695,103974.54091,58052.381547
29,4856406,1617090600,58088.17,58108.23,58081.69,58108.23,0.14859254,8632.6551906,58096.154697
30,4856407,1617090660,58096.35,58111.13,58089.66,58107.84,0.06150258,3573.2127403,58098.582861
31,4856408,1617090720,58094.65,58094.65,58093.79,58093.79,0.15076212,8758.3434574,58093.793437
32,4856409,1617090780,58099.88,58100.5,58071.85,58071.85,0.13169656,7649.0577412,58080.922852
33,4856410,1617090840,58090.93,58104.08,58090.92,58101.67,0.34076089,19797.877907,58099.032159
34,4856411,1617090900,58096.11,58140.17,58096.11,58140.17,2.9841881,173453.13995,58124.063944
35,4856412,1617090960,58140.17,58149.42,58127.74,58145.03,0.92240197,53629.916714,58141.589522
36,4856413,1617091020,58123.44,58141.21,58090.0,58106.08,0.32055062,18627.842754,58112.015985
37,4856414,1617091080,58092.05,58092.06,58050.51,58092.06,11.83421776,687309.28075,58078.133653
38,4856415,1617091140,58092.06,58118.21,58092.06,58118.21,4.39372438,255246.91516,58093.520004
39,4856416,1617091200,58125.0,58178.76,58125.0,58166.62,1.23534625,71842.05105,58155.396554
40,4856417,1617091260,58152.93,58152.93,58104.74,58126.03,2.48095642,144252.16508,58143.772263
41,4856418,1617091320,58121.66,58192.4,58121.66,58184.58,1.16923446,68006.329458,58163.124492
42,4856419,1617091380,58176.42,58200.0,58173.69,58173.69,0.36838109,21432.069017,58179.069443
43,4856420,1617091440,58185.27,58188.69,58116.77,58188.69,5.11430397,297398.69755,58150.375749
44,4856421,1617091500,58175.32,58175.32,58146.51,58150.16,0.09378775,5454.2572402,58155.326684
45,4856422,1617091560,58152.31,58163.45,58105.28,58121.81,0.12383787,7197.327028,58118.950431
46,4856423,1617091620,58108.52,58120.83,58095.18,58095.18,0.19214612,11164.833912,58105.955571
47,4856424,1617091680,58083.92,58088.33,58034.06,58053.35,2.03153921,118004.07698,58086.044514
48,4856425,1617091740,58053.35,58055.57,58000.13,58000.13,3.71068098,215288.66395,58018.640003
49,4856426,1617091800,58030.0,58093.76,58026.76,58085.35,0.28834462,16745.698779,58075.294691
50,4856427,1617091860,58069.53,58114.92,58069.53,58114.92,3.53629308,205365.87222,58073.770351
51,4856428,1617091920,58129.44,58129.44,58100.0,58100.0,0.82680015,48038.732227,58101.987798
52,4856429,1617091980,58086.42,58151.12,58080.48,58130.05,2.88750708,167827.61851,58121.976453
53,4856430,1617092040,58111.18,58112.57,58074.82,58095.47,4.43256982,257452.68454,58082.037056
54,4856431,1617092100,58085.0,58085.0,58024.52,58046.61,10.66158455,619038.11494,58062.487057
55,4856432,1617092160,58051.12,58051.12,57972.72,58030.85,6.2569164,363014.73939,58018.15402
56,4856433,1617092220,58052.56,58088.61,58052.56,58055.09,0.25413305,14755.420904,58061.79442
57,4856434,1617092280,58044.31,58047.74,57859.09,57897.07,2.14667304,124427.15055,57962.786243
58,4856435,1617092340,57917.87,57964.09,57898.9,57945.39,2.6007985,150629.70183,57916.71359
59,4856436,1617092400,57903.42,57939.5,57828.03,57878.17,5.11439146,296185.55429,57912.179114
60,4856437,1617092460,57900.63,57900.63,57777.7,57794.94,8.2648915,477791.92868,57809.824687
61,4856438,1617092520,57801.1,57850.01,57801.09,57808.73,1.27653557,73807.378492,57818.5052
62,4856439,1617092580,57823.52,57823.68,57758.83,57818.54,0.48302461,27926.746142,57816.404306
63,4856440,1617092640,57818.57,57874.22,57818.57,57866.68,0.07394427,4278.5022811,57861.174112
64,4856441,1617092700,57862.02,57868.15,57800.0,57804.55,2.49177221,144080.08241,57822.332971
65,4856442,1617092760,57817.57,57864.93,57810.71,57850.29,0.69056014,39936.95366,57832.694571
66,4856443,1617092820,57849.25,57872.87,57849.15,57867.63,3.3981915,196584.72667,57849.80825
67,4856444,1617092880,57901.06,57906.54,57884.02,57906.54,0.87942114,50907.623844,57887.650784
68,4856445,1617092940,57901.69,57922.71,57876.54,57909.64,0.72447807,41959.690135,57917.12941
69,4856446,1617093000,57929.66,57941.37,57915.72,57915.72,1.97110774,114181.35611,57927.506343
70,4856447,1617093060,57912.3,57917.22,57816.65,57843.57,3.98332557,230523.52,57872.12618
71,4856448,1617093120,57846.95,57889.25,57846.95,57876.77,0.42127185,24382.895856,57879.243191
72,4856449,1617093180,57856.26,57863.56,57856.19,57863.56,1.57077639,90879.175683,57856.214457
73,4856450,1617093240,57863.44,57897.39,57820.47,57883.43,2.2707257,131325.95494,57834.354428
74,4856451,1617093300,57881.38,57881.38,57869.69,57869.73,0.27529507,15933.307538,57877.198957
75,4856452,1617093360,57844.58,57855.94,57844.58,57855.94,0.08568815,4957.2488323,57852.209813
76,4856453,1617093420,57852.89,57852.89,57793.04,57842.16,0.61503045,35568.089046,57831.42777
77,4856454,1617093480,57868.89,57883.17,57862.39,57862.39,0.61363993,35512.647153,57872.125683
78,4856455,1617093540,57893.36,57909.62,57880.95,57909.62,0.40913555,23684.37619,57888.824842
79,4856456,1617093600,57900.94,57923.12,57865.86,57865.86,8.12226429,470263.87292,57898.124972
80,4856457,1617093660,57862.39,57887.95,57862.23,57883.84,5.69503916,329569.17965,57869.519488
81,4856458,1617093720,57880.43,57900.0,57880.43,57900.0,0.06337528,3668.7960627,57890.017412
82,4856459,1617093780,57888.68,57930.8,57888.68,57916.36,0.3108663,18008.176162,57929.007301
83,4856460,1617093840,57942.32,57948.82,57942.32,57942.32,0.66414344,38483.420964,57944.441887
84,4856461,1617093900,57949.41,58005.35,57949.41,57996.53,2.44413123,141726.62227,57986.502743
85,4856462,1617093960,57976.24,58008.18,57976.24,58008.18,1.03329741,59931.499822,58000.241984
86,4856463,1617094020,58007.4,58007.4,57980.86,58000.82,3.94203691,228610.08605,57992.88319
87,4856464,1617094080,58000.82,58025.2,58000.82,58004.33,1.68574993,97787.089034,58008.063529
88,4856465,1617094140,58004.33,58027.55,57998.33,58027.55,7.37498062,427797.82648,58006.637376
89,4856466,1617094200,58036.99,58045.59,57988.46,57988.46,1.0609694,61560.031311,58022.438075
90,4856467,1617094260,57982.41,57994.03,57970.88,57974.11,0.2736915,15870.313507,57986.13953
91,4856468,1617094320,57973.36,57973.38,57973.36,57973.38,0.35705489,20699.673641,57973.365497
92,4856469,1617094380,57961.14,57961.14,57925.75,57937.47,0.42193936,24445.387711,57935.784211
93,4856470,1617094440,57914.01,57918.1,57898.45,57918.1,1.43453693,83072.43491,57908.885559
94,4856471,1617094500,57903.54,57903.98,57852.24,57852.24,0.077975,4514.7239648,57899.634047
95,4856472,1617094560,57864.07,57895.75,57830.78,57888.01,0.1582117,9153.0984813,57853.486697
96,4856473,1617094620,57863.83,57924.05,57863.83,57924.05,0.14160177,8201.7887508,57921.512922
97,4856474,1617094680,57951.99,57967.97,57951.99,57967.97,0.03262926,1891.2093948,57960.535875
98,4856475,1617094740,57977.67,57984.3,57950.4,57955.8,0.13236616,7673.9229206,57974.960674
99,4856476,1617094800,57935.6,57935.6,57864.55,57864.55,0.17729941,10267.462965,57910.305316
100,4856477,1617094860,57892.78,57925.55,57874.48,57925.55,0.26589115,15394.024483,57895.964131
101,4856478,1617094920,57919.37,57929.37,57919.37,57924.25,0.16930534,9806.7490983,57923.448241
102,4856479,1617094980,57924.25,57924.25,57898.65,57898.65,0.17145,9930.8566625,57922.756853
103,4856480,1617095040,57898.04,57929.98,57880.38,57929.98,1.4412237,83432.657231,57890.150731
104,4856481,1617095100,57937.77,57949.48,57931.31,57931.31,0.7744847,44876.36546,57943.51452
105,4856482,1617095160,57931.31,57966.27,57931.31,57953.59,0.69226632,40117.013188,57950.259935
106,4856483,1617095220,58001.83,58018.07,58001.83,58015.11,0.88370977,51267.134101,58013.542275
107,4856484,1617095280,58015.11,58100.0,58015.11,58100.0,4.10366416,238350.28904,58082.30882
108,4856485,1617095340,58100.0,58106.22,58051.47,58094.96,2.73870291,159106.16164,58095.444036
109,4856486,1617095400,58106.22,58106.23,58047.77,58047.77,0.16185247,9397.4419554,58061.7766
110,4856487,1617095460,58043.12,58048.13,58000.0,58015.63,1.12352316,65175.358177,58009.803889
111,4856488,1617095520,58032.41,58083.85,58030.99,58083.85,0.50702482,29430.610604,58045.700019
112,4856489,1617095580,58082.08,58093.23,58034.74,58034.74,0.42308498,24572.834078,58080.138128
113,4856490,1617095640,58015.84,58015.84,57984.56,58004.71,0.9978864,57888.074139,58010.685524
114,4856491,1617095700,58004.24,58004.24,57969.63,57971.7,0.2370155,13745.486148,57994.038987
115,4856492,1617095760,57974.42,57982.57,57974.42,57982.57,0.17236644,9993.5908055,57978.75042
116,4856493,1617095820,57974.03,58001.57,57974.03,58001.57,0.47415976,27494.426929,57985.576272
117,4856494,1617095880,58004.24,58092.05,58004.24,58090.36,0.7921311,46007.515019,58080.682628
118,4856495,1617095940,58054.56,58058.15,58021.14,58051.93,2.57328018,149348.56453,58038.205748
119,4856496,1617096000,58032.16,58042.34,58012.01,58014.97,0.75246702,43660.711419,58023.421968
120,4856497,1617096060,58011.51,58019.77,58000.0,58019.77,0.832715,48307.271605,58011.77066
121,4856498,1617096120,58000.0,58015.72,57967.57,57967.74,0.7116533,41268.112292,57989.068964
122,4856499,1617096180,57970.16,57973.53,57932.39,57950.1,1.41791422,82178.230559,57957.124204
123,4856500,1617096240,57944.68,57944.69,57905.44,57917.21,1.22317062,70854.970466,57927.299191
124,4856501,1617096300,57918.0,57927.93,57889.59,57927.93,0.6185846,35828.0486,57919.399546
125,4856502,1617096360,58006.14,58064.85,58006.14,58064.85,0.15016135,8714.4078343,58033.62739
126,4856503,1617096420,58076.09,58100.0,58072.54,58072.54,4.44761998,258383.19337,58094.710099
127,4856504,1617096480,58068.71,58091.53,58068.71,58080.84,0.534366,31035.619804,58079.331028
128,4856505,1617096540,58074.96,58076.89,58020.8,58037.85,0.59612103,34608.104394,58055.499893
129,4856506,1617096600,58045.3,58047.99,58001.78,58023.0,1.06173983,61603.117671,58020.916171
130,4856507,1617096660,58000.0,58044.18,58000.0,58000.0,1.2915358,74920.676896,58008.981939
131,4856508,1617096720,58018.8,58100.0,58018.8,58100.0,1.61904956,94066.730452,58099.969745
132,4856509,1617096780,58132.11,58460.54,58132.11,58425.33,20.2053978,1179477.3904,58374.371147
133,4856510,1617096840,58424.84,58476.08,58329.52,58410.02,8.51445688,497234.10453,58398.804708
134,4856511,1617096900,58408.75,58600.0,58396.64,58600.0,35.54970249,2079977.3907,58508.995717
135,4856512,1617096960,58542.71,58600.0,58509.41,58584.59,1.48379312,86874.477435,58548.915118
136,4856513,1617097020,58541.14,58600.0,58541.14,58586.06,12.38401772,725493.29074,58583.030737
137,4856514,1617097080,58583.69,58600.0,58489.82,58520.0,3.01159326,176293.6082,58538.319415
138,4856515,1617097140,58519.93,58558.81,58460.85,58533.19,7.36017173,430602.43504,58504.400555
139,4856516,1617097200,58558.81,58600.0,58558.81,58600.0,6.50410949,380901.04794,58563.135896
140,4856517,1617097260,58589.32,58639.0,58574.05,58593.13,24.55735028,1439119.6028,58602.397505
141,4856518,1617097320,58592.19,58674.13,58563.11,58631.02,7.14006153,418531.78236,58617.391545
142,4856519,1617097380,58620.11,58748.56,58620.11,58717.25,5.01410406,294321.03517,58698.629237
143,4856520,1617097440,58717.25,58777.0,58692.33,58750.35,10.75319026,631729.51444,58748.101649
144,4856521,1617097500,58755.62,58777.0,58672.88,58777.0,4.53516331,266293.41924,58717.492852
145,4856522,1617097560,58772.03,58801.0,58751.9,58801.0,8.02232514,471654.42145,58792.733182
146,4856523,1617097620,58798.9,58798.9,58713.07,58725.56,8.7342407,513246.04086,58762.525385
147,4856524,1617097680,58746.34,58751.18,58661.63,58676.71,3.6981035,217036.51559,58688.599599
148,4856525,1617097740,58676.68,58760.85,58634.18,58710.7,5.40795058,317440.92384,58698.93209
149,4856526,1617097800,58732.96,58801.0,58713.9,58731.13,2.11236775,124060.92347,58730.741116
150,4856527,1617097860,58706.8,58724.36,58651.99,58717.95,8.64463599,507453.91274,58701.594067
151,4856528,1617097920,58716.3,58826.59,58716.3,58800.63,1.95843971,115142.40822,58792.929716
152,4856529,1617097980,58800.0,58826.2,58778.21,58826.2,0.80049985,47063.249783,58792.328047
153,4856530,1617098040,58826.99,58850.0,58800.04,58850.0,3.84837311,226415.04569,58833.964175
154,4856531,1617098100,58845.24,58850.0,58814.13,58840.08,4.88000336,287129.92384,58838.058637
155,4856532,1617098160,58833.02,58850.0,58800.0,58838.86,8.20549161,482633.59725,58818.364601
156,4856533,1617098220,58850.0,58850.0,58800.0,58807.66,10.30549287,606440.44774,58846.33131
157,4856534,1617098280,58816.95,58850.0,58807.81,58833.1,7.0628503,415625.01411,58846.640726
158,4856535,1617098340,58825.16,58850.0,58791.92,58832.33,1.85007503,108813.26703,58815.596811
159,4856536,1617098400,58850.0,58911.0,58850.0,58900.0,23.434975,1379731.1325,58874.871107
160,4856537,1617098460,58900.0,58999.0,58875.62,58999.0,18.39395277,1083536.231,58907.198719
161,4856538,1617098520,58998.95,59138.6,58998.95,59087.83,27.02347823,1595567.9689,59043.767621
162,4856539,1617098580,59113.85,59160.0,59077.16,59134.99,10.17602325,601803.6249,59139.372043
163,4856540,1617098640,59123.29,59166.0,59071.25,59116.0,5.66614965,334921.71127,59109.224422
164,4856541,1617098700,59133.82,59180.0,59063.63,59086.3,4.97506999,294025.59159,59099.789989
165,4856542,1617098760,59067.03,59067.2,58977.0,59012.86,14.17244062,836656.10328,59034.017197
166,4856543,1617098820,59012.86,59099.92,59012.86,59088.15,19.41397063,1146598.1156,59060.464107
167,4856544,1617098880,59088.15,59089.78,59037.95,59037.95,7.51402789,443828.18963,59066.614621
168,4856545,1617098940,59062.88,59080.96,59022.17,59064.08,3.18332332,188019.63541,59063.945603
169,4856546,1617099000,59092.58,59106.1,59048.2,59072.2,2.87949699,170137.99686,59086.013095
170,4856547,1617099060,59070.71,59141.52,59041.89,59130.79,1.88544029,111385.39406,59076.595874
171,4856548,1617099120,59130.79,59178.69,59097.81,59097.81,3.62141531,214172.29196,59140.494427
172,4856549,1617099180,59111.69,59144.44,59094.9,59129.74,3.70435978,219029.27769,59127.431107
173,4856550,1617099240,59134.56,59147.4,59102.86,59129.39,2.24144614,132506.2195,59116.396837
174,4856551,1617099300,59129.38,59250.0,59071.65,59245.72,12.81940835,758774.50187,59189.510245
175,4856552,1617099360,59232.5,59313.72,59192.1,59284.16,9.00399443,533840.08136,59289.250511
176,4856553,1617099420,59296.49,59296.49,59197.52,59235.18,4.08592864,242097.11951,59251.431153
177,4856554,1617099480,59260.77,59289.26,59244.62,59280.19,1.05841578,62729.682819,59267.524166
178,4856555,1617099540,59280.19,59285.72,59200.0,59200.0,12.93784497,766507.41098,59245.369902
179,4856556,1617099600,59217.49,59249.17,59200.01,59238.64,14.99489828,887998.47115,59220.039681
180,4856557,1617099660,59247.65,59273.05,59234.71,59234.71,1.84320775,109219.33065,59255.030067
181,4856558,1617099720,59228.98,59280.48,59177.84,59177.84,4.10727083,243232.69762,59220.02899
182,4856559,1617099780,59174.97,59221.66,59162.12,59169.91,1.61541261,95597.838534,59178.588766
183,4856560,1617099840,59195.92,59204.55,59104.49,59182.62,7.61212547,450521.28623,59184.690006
184,4856561,1617099900,59182.62,59213.44,59150.15,59157.66,2.32298415,137468.49395,59177.542794
185,4856562,1617099960,59151.05,59151.05,59023.96,59060.12,0.60975697,36029.936826,59089.01185
186,4856563,1617100020,59060.8,59119.82,59053.63,59086.89,7.26020617,428831.64361,59066.042144
187,4856564,1617100080,59105.48,59111.55,59003.28,59003.28,1.41523105,83595.520301,59068.461154
188,4856565,1617100140,58990.35,59096.75,58979.83,59096.75,5.0623533,298764.83072,59016.985385
189,4856566,1617100200,59079.68,59082.64,59003.16,59012.16,0.4921136,29066.167622,59063.938941
190,4856567,1617100260,59001.6,59036.85,58997.59,59008.68,1.25149262,73854.23482,59012.920763
191,4856568,1617100320,58998.96,59026.25,58932.48,58932.48,1.93296563,114014.28739,58984.125541
192,4856569,1617100380,58932.48,59027.62,58924.4,58965.6,2.73899234,161555.68461,58983.620454
193,4856570,1617100440,58999.08,59017.14,58986.89,59011.82,1.80667817,106609.56992,59008.611326
194,4856571,1617100500,58993.39,59049.47,58993.39,59020.08,1.30059518,76786.784255,59039.726915
195,4856572,1617100560,59024.23,59024.23,59024.0,59024.0,0.22077146,13030.819432,59024.02164
196,4856573,1617100620,59027.93,59037.84,58943.84,58943.84,1.88238781,111041.99419,58989.966681
197,4856574,1617100680,58938.23,59000.0,58908.52,58949.65,9.97556632,588011.73954,58945.198767
198,4856575,1617100740,58949.65,58960.0,58939.11,58960.0,0.68386227,40315.503453,58952.665209
199,4856576,1617100800,58932.53,58932.53,58887.0,58898.38,0.77376151,45587.731698,58917.032068
200,4856577,1617100860,58874.75,58918.26,58861.87,58911.96,2.35640137,138746.67535,58880.748039
201,4856578,1617100920,58891.45,58910.58,58848.49,58859.5,18.87192738,1111081.6751,58874.838415
202,4856579,1617100980,58856.56,58880.99,58729.51,58736.85,3.23367366,190209.51739,58821.494494
203,4856580,1617101040,58740.3,58740.3,58600.0,58686.67,5.56333735,326327.19308,58656.732919
204,4856581,1617101100,58691.11,58822.81,58680.75,58815.83,4.76059655,279742.67458,58762.105051
205,4856582,1617101160,58837.51,58881.61,58837.48,58862.71,1.41081493,83048.147612,58865.373371
206,4856583,1617101220,58869.9,58983.37,58869.9,58963.14,2.67747581,157866.05194,58960.776172
207,4856584,1617101280,58963.14,58963.14,58886.89,58886.89,1.98523736,116924.18336,58896.828012
208,4856585,1617101340,58923.12,58923.12,58837.75,58837.75,0.74039284,43578.529353,58858.658538
209,4856586,1617101400,58867.93,58910.14,58867.93,58904.35,3.72138236,219184.51807,58898.682495
210,4856587,1617101460,58912.12,58915.0,58848.64,58886.06,0.40862066,24067.361512,58899.032448
211,4856588,1617101520,58878.43,58887.85,58878.43,58885.34,0.18312217,10783.079185,58884.618857
212,4856589,1617101580,58877.36,58887.18,58862.56,58862.56,0.1714938,10095.741653,58869.426492
213,4856590,1617101640,58876.8,58890.65,58862.23,58862.23,0.60013833,35337.330687,58881.975906
214,4856591,1617101700,58862.23,58896.45,58858.7,58883.17,7.95960351,468504.31109,58860.257361
215,4856592,1617101760,58857.9,58875.99,58850.8,58851.27,4.10802159,241812.46371,58863.484139
216,4856593,1617101820,58850.8,58858.52,58761.66,58800.0,5.1256711,301426.23297,58807.174142
217,4856594,1617101880,58840.28,58874.96,58828.6,58864.44,2.95401254,173884.61751,58863.872497
218,4856595,1617101940,58863.73,58875.0,58843.35,58860.79,0.82252319,48417.308655,58864.369107
219,4856596,1617102000,58851.08,58875.0,58851.08,58875.0,2.43539366,143377.43442,58872.385508
220,4856597,1617102060,58886.69,58900.0,58881.29,58900.0,1.3935037,82065.454563,58891.450782
221,4856598,1617102120,58900.0,58945.53,58900.0,58945.53,1.16883039,68855.394975,58909.654954
222,4856599,1617102180,58957.44,59004.37,58957.44,59001.3,4.19805121,247662.74441,58994.693496
223,4856600,1617102240,59004.37,59063.68,59004.37,59056.17,4.78725513,282640.88949,59040.281292
224,4856601,1617102300,59056.66,59061.51,58945.98,58973.56,2.02997064,119865.15723,59047.729494
225,4856602,1617102360,58976.14,58985.99,58927.83,58985.99,1.15126842,67875.785373,58957.393596
226,4856603,1617102420,58975.61,59004.06,58965.87,58985.63,0.50603871,29849.041182,58985.687443
227,4856604,1617102480,58975.23,59010.22,58975.23,58977.14,1.00781042,59446.757253,58986.051418
228,4856605,1617102540,58988.47,59100.0,58959.66,59100.0,5.95881234,351789.82802,59036.90332
229,4856606,1617102600,59092.02,59104.33,59041.67,59094.79,1.59995091,94513.389666,59072.680965
230,4856607,1617102660,59070.28,59101.22,59056.33,59061.47,0.69840666,41262.088372,59080.319153
231,4856608,1617102720,59028.84,59082.44,59003.42,59003.42,2.76715074,163379.25068,59042.410779
232,4856609,1617102780,59000.92,59042.03,58996.51,58996.51,0.44046456,25990.419898,59006.835641
233,4856610,1617102840,59014.21,59022.26,58991.02,59005.5,0.14274872,8421.5486799,58995.616072
234,4856611,1617102900,59040.63,59043.79,58973.66,58973.66,1.15605269,68212.691997,59004.829613
235,4856612,1617102960,58985.67,58997.49,58947.86,58960.17,2.05325909,121086.07298,58972.622388
236,4856613,1617103020,58955.44,59000.0,58948.54,59000.0,1.92031972,113240.61965,58969.669724
237,4856614,1617103080,58972.76,59000.0,58938.01,58943.94,0.5772753,34036.73411,58961.008916
238,4856615,1617103140,58927.03,58995.56,58917.2,58995.56,4.01186501,236588.90702,58972.300022
239,4856616,1617103200,58946.35,58964.11,58929.42,58950.83,0.14991267,8837.1945195,58948.950209
240,4856617,1617103260,58922.75,58961.46,58916.21,58961.46,0.49511182,29173.858163,58923.776376
241,4856618,1617103320,58939.14,58939.14,58905.62,58922.01,0.59722697,35185.395815,58914.613007
242,4856619,1617103380,58919.0,58943.05,58882.62,58885.93,1.4293921,84184.919386,58895.609809
243,4856620,1617103440,58891.26,58971.45,58891.26,58961.87,8.27938312,487833.73431,58921.507465
244,4856621,1617103500,58954.61,58965.45,58927.26,58931.19,3.18508484,187747.19815,58945.7448
245,4856622,1617103560,58923.46,58941.38,58908.24,58913.29,0.32082946,18900.66698,58911.881034
246,4856623,1617103620,58919.94,58942.01,58919.94,58939.77,0.06098314,3593.3153525,58923.095014
247,4856624,1617103680,58924.56,58945.12,58924.56,58945.12,0.13413834,7904.0890244,58924.905619
248,4856625,1617103740,58931.91,59000.0,58931.91,59000.0,0.27786923,16386.65754,58972.551729
249,4856626,1617103800,59000.0,59010.0,58984.71,59010.0,1.82870271,107893.31301,58999.919683
250,4856627,1617103860,59010.0,59049.95,58995.73,59041.96,14.37069655,848270.6583,59027.803931
251,4856628,1617103920,59041.73,59066.69,59013.19,59040.23,14.95749419,883214.25459,59048.276627
252,4856629,1617103980,59024.36,59050.57,58995.18,59024.32,14.12877352,834087.17982,59034.648594
253,4856630,1617104040,59015.42,59043.95,58985.09,59015.78,15.82365606,933902.88721,59019.412686
254,4856631,1617104100,59007.55,59033.46,58991.62,58991.62,3.57055263,210729.81716,59018.823973
255,4856632,1617104160,58991.62,59000.0,58906.63,58906.63,5.95678726,351321.89393,58978.418835
256,4856633,1617104220,58919.34,58934.78,58898.55,58931.67,2.41180655,142085.95595,58912.666917
257,4856634,1617104280,58920.0,58938.65,58896.95,58935.83,2.25842709,133063.8455,58918.813936
258,4856635,1617104340,58929.1,58995.84,58929.1,58957.95,1.25376725,73940.501959,58974.663725
259,4856636,1617104400,58975.46,58975.46,58949.93,58970.0,3.25725621,192080.4118,58970.004021
260,4856637,1617104460,58970.0,59058.55,58970.0,59050.57,5.07602831,299492.03888,59001.254641
261,4856638,1617104520,59050.0,59064.21,59007.03,59064.21,0.34750424,20518.66637,59045.801485
262,4856639,1617104580,59040.93,59071.47,59040.93,59066.86,0.07977937,4711.9049447,59061.696585
263,4856640,1617104640,59070.48,59070.48,59049.18,59049.18,0.88957791,52532.288531,59053.049699
264,4856641,1617104700,59055.09,59063.56,59053.07,59063.56,0.03681569,2174.2786848,59058.479817
265,4856642,1617104760,59054.8,59062.99,59032.95,59041.6,1.30595288,77105.626556,59041.660489
266,4856643,1617104820,59032.96,59037.46,58970.54,58999.51,8.61897735,508621.80843,59011.851148
267,4856644,1617104880,58999.5,59008.61,58958.53,58958.53,8.16831074,481863.96738,58991.875153
268,4856645,1617104940,58958.53,59073.4,58958.53,59022.93,10.28850891,607294.52648,59026.485936
269,4856646,1617105000,59052.67,59073.51,59031.05,59038.62,1.94682788,114974.23042,59057.213839
270,4856647,1617105060,59058.47,59073.51,59058.47,59069.29,2.47861609,146398.87602,59064.764651
271,4856648,1617105120,59072.35,59091.19,59061.35,59085.52,1.13049671,66788.448549,59078.852648
272,4856649,1617105180,59085.52,59194.99,59069.47,59172.85,1.82475286,107887.71356,59124.561975
273,4856650,1617105240,59178.77,59261.27,59173.1,59255.55,4.43090501,262402.24572,59220.914267
274,4856651,1617105300,59246.2,59284.28,59181.6,59270.5,7.75772382,459418.55627,59220.792971
275,4856652,1617105360,59260.46,59303.13,59184.85,59251.78,19.18490526,1136924.5689,59261.411695
276,4856653,1617105420,59236.72,59267.78,59203.56,59250.87,6.62306107,392332.25105,59237.299325
277,4856654,1617105480,59245.03,59283.44,59229.82,59257.5,5.49187129,325463.19393,59262.713335
278,4856655,1617105540,59278.6,59289.03,59247.81,59284.39,2.19975543,130361.41084,59261.774771
279,4856656,1617105600,59266.24,59309.14,59266.24,59298.0,2.80823283,166511.27939,59293.972212
280,4856657,1617105660,59300.2,59340.0,59300.2,59340.0,2.20068481,130537.47231,59316.75073
281,4856658,1617105720,59323.8,59344.38,59200.05,59261.89,6.54855626,388145.76345,59271.959809
282,4856659,1617105780,59235.95,59262.8,59226.08,59229.54,0.56349821,33378.436404,59234.325525
283,4856660,1617105840,59228.81,59312.68,59228.81,59299.42,3.72105345,220547.58153,59270.199822
284,4856661,1617105900,59283.45,59350.0,59271.24,59350.0,1.42172339,84315.895649,59305.414993
285,4856662,1617105960,59352.89,59388.66,59352.35,59357.88,6.67598441,396283.7094,59359.591794
286,4856663,1617106020,59355.58,59358.5,59323.41,59336.98,1.19631086,71003.920908,59352.400185
287,4856664,1617106080,59347.38,59384.37,59342.59,59371.86,6.88731075,408869.05362,59365.559136
288,4856665,1617106140,59346.18,59347.17,59290.0,59290.0,1.31337935,77908.692974,59319.261395
289,4856666,1617106200,59290.0,59296.71,59220.33,59220.33,2.34644378,139027.17741,59250.163414
290,4856667,1617106260,59200.0,59236.0,59113.36,59127.45,22.93335623,1357614.4111,59198.243708
291,4856668,1617106320,59194.81,59241.6,59177.0,59241.6,3.8448191,227659.98696,59212.145236
292,4856669,1617106380,59207.84,59246.17,59180.48,59180.48,0.88055911,52138.745979,59210.955161
293,4856670,1617106440,59197.1,59258.69,59197.1,59249.33,5.50066818,325653.41145,59202.518821
294,4856671,1617106500,59228.92,59228.92,59143.07,59143.07,0.65023217,38470.762426,59164.655642
295,4856672,1617106560,59155.32,59155.32,59101.18,59122.81,5.53572333,327272.92367,59120.173491
296,4856673,1617106620,59121.76,59128.28,59085.52,59128.28,4.34593329,256882.22401,59108.644076
297,4856674,1617106680,59110.26,59110.26,59032.45,59070.0,18.43752494,1089207.0844,59075.558568
298,4856675,1617106740,59068.99,59109.38,59035.62,59064.79,3.91681443,231356.79196,59067.590791
299,4856676,1617106800,59097.17,59160.31,59097.17,59145.62,0.58986907,34882.646768,59136.253352
300,4856677,1617106860,59160.23,59192.93,59146.26,59146.26,0.37120795,21964.076897,59169.198551
301,4856678,1617106920,59123.07,59150.03,59120.42,59150.03,0.62326773,36848.738125,59121.844998
302,4856679,1617106980,59125.17,59169.65,59125.17,59146.62,0.57531847,34033.849876,59156.53964
303,4856680,1617107040,59137.79,59171.93,59100.65,59100.65,2.79410549,165220.66834,59131.864896
304,4856681,1617107100,59120.86,59130.0,59072.12,59072.12,12.33856542,729505.50782,59124.013448
305,4856682,1617107160,59105.43,59111.99,59081.06,59110.17,0.23042484,13618.005072,59099.553122
306,4856683,1617107220,59121.82,59130.0,59121.82,59130.0,2.56492865,151663.78117,59129.824596
307,4856684,1617107280,59099.56,59120.04,59057.17,59065.39,1.92274022,113596.50322,59080.525824
308,4856685,1617107340,59075.28,59120.97,59075.28,59094.95,0.57761179,34136.412423,59099.230685
309,4856686,1617107400,59093.94,59140.58,59087.34,59106.91,1.95795843,115710.38591,59097.468125
310,4856687,1617107460,59137.18,59210.0,59137.18,59210.0,1.93947406,114757.81707,59169.555004
311,4856688,1617107520,59199.2,59199.2,59160.12,59166.89,0.44868106,26551.574881,59176.946048
312,4856689,1617107580,59179.79,59205.65,59176.0,59205.65,1.54726116,91574.268022,59184.751992
313,4856690,1617107640,59195.25,59210.0,59184.2,59193.16,0.79795513,47241.114102,59202.71996
314,4856691,1617107700,59205.99,59207.89,59102.75,59126.76,0.83018935,49113.564951,59159.47362
315,4856692,1617107760,59125.45,59125.45,59100.22,59113.84,0.76938206,45481.222426,59113.962738
316,4856693,1617107820,59119.56,59119.56,59054.24,59055.71,2.9325242,173257.07665,59081.209507
317,4856694,1617107880,59112.19,59127.35,59090.7,59101.36,1.9130966,113092.85743,59115.07941
318,4856695,1617107940,59100.0,59141.02,59080.94,59141.02,6.73546053,398172.56892,59115.864038
319,4856696,1617108000,59103.03,59240.44,59102.48,59222.47,4.35121239,257648.18706,59212.965025
320,4856697,1617108060,59240.44,59250.0,59206.85,59228.0,0.33758972,19998.431286,59238.863334
321,4856698,1617108120,59224.9,59246.99,59207.03,59232.79,1.13307348,67115.857739,59233.455662
322,4856699,1617108180,59209.63,59246.77,59204.14,59217.84,0.23171254,13722.75291,59223.177608
323,4856700,1617108240,59203.6,59239.03,59203.31,59207.69,0.58916713,34885.631853,59211.775532
324,4856701,1617108300,59228.18,59228.18,59167.32,59167.32,0.69895561,41370.977891,59189.707185
325,4856702,1617108360,59186.05,59186.05,59145.83,59176.33,0.44472371,26312.429631,59165.789994
326,4856703,1617108420,59170.59,59189.05,59161.37,59164.4,1.64670002,97438.653448,59172.072791
327,4856704,1617108480,59161.26,59179.51,59141.27,59179.51,0.85516264,50596.200165,59165.587689
328,4856705,1617108540,59186.45,59195.3,59168.4,59168.4,0.53741532,31805.736797,59182.787712
329,4856706,1617108600,59168.4,59168.4,59106.79,59113.51,0.92237467,54535.001945,59124.565883
330,4856707,1617108660,59120.14,59164.7,59120.14,59141.78,0.7557755,44687.60419,59128.14611
331,4856708,1617108720,59139.29,59194.14,59139.29,59172.59,0.30765597,18202.041457,59163.621812
332,4856709,1617108780,59172.71,59192.11,59152.33,59189.14,0.54080573,32003.097227,59176.697752
333,4856710,1617108840,59187.42,59225.19,59178.87,59225.19,0.28833033,17066.839578,59191.967691
334,4856711,1617108900,59215.26,59225.19,59169.67,59209.58,12.49708648,739564.96904,59178.991057
335,4856712,1617108960,59177.23,59200.66,59173.14,59178.87,5.58065787,330327.98256,59191.584621
336,4856713,1617109020,59171.86,59190.72,59171.86,59190.72,0.2301542,13620.728688,59180.88259
337,4856714,1617109080,59174.55,59187.77,59174.24,59180.76,2.29922477,136071.51926,59181.477617
338,4856715,1617109140,59180.36,59180.36,59137.56,59144.25,2.59038877,153220.94316,59149.786679
339,4856716,1617109200,59132.89,59250.0,59132.89,59245.1,7.86333144,465477.38189,59195.950908
340,4856717,1617109260,59241.5,59266.63,59217.41,59266.63,4.8409087,286819.99863,59249.20638
341,4856718,1617109320,59267.35,59267.35,59226.99,59253.6,0.98204872,58186.84192,59250.463582
342,4856719,1617109380,59233.06,59233.06,59162.23,59179.78,1.59760373,94568.315429,59193.849922
343,4856720,1617109440,59158.13,59172.37,59127.84,59152.75,1.08231776,64022.939403,59153.551544
344,4856721,1617109500,59158.95,59158.95,59037.71,59040.66,5.46109768,322848.20742,59117.823254
345,4856722,1617109560,59020.0,59068.6,58964.38,59068.6,3.57989259,211188.74585,58993.039747
346,4856723,1617109620,59041.13,59095.08,59037.85,59078.23,4.13421209,244161.8188,59058.85172
347,4856724,1617109680,59050.68,59050.68,58971.06,59014.06,1.3083688,77233.403077,59030.300231
348,4856725,1617109740,59029.85,59033.76,58973.61,58976.98,2.6906273,158757.76832,59003.998184
349,4856726,1617109800,58984.48,59091.89,58984.48,59022.98,4.65915804,275050.42149,59034.361816
350,4856727,1617109860,59023.16,59047.69,59004.76,59008.44,5.39169828,318270.95441,59029.815447
351,4856728,1617109920,59006.07,59014.41,58910.0,58935.91,4.92254918,290272.72533,58967.968569
352,4856729,1617109980,58941.42,59003.13,58914.46,58995.52,3.58594995,211447.9767,58965.679848
353,4856730,1617110040,58996.49,58996.49,58914.1,58934.23,4.41449626,260263.42059,58956.538925
354,4856731,1617110100,58934.23,58939.81,58862.96,58887.86,6.67039043,392931.70455,58906.852406
355,4856732,1617110160,58892.63,58942.6,58891.4,58935.18,1.78627448,105262.36833,58928.439894
356,4856733,1617110220,58962.53,59031.02,58957.22,59031.02,0.83385163,49168.177899,58965.139757
357,4856734,1617110280,59024.7,59051.03,59017.17,59023.29,5.38181629,317633.18912,59019.701158
358,4856735,1617110340,59022.99,59035.0,58999.4,58999.4,0.6186425,36505.640408,59009.266916
359,4856736,1617110400,59016.61,59035.0,58995.21,59030.0,2.45708594,144995.42483,59011.132849
360,4856737,1617110460,59025.14,59050.0,58999.26,59041.36,3.06702736,180985.80375,59010.169296
361,4856738,1617110520,59050.0,59135.25,59050.0,59127.92,5.53238707,327076.32513,59120.289486
362,4856739,1617110580,59127.92,59160.11,59093.04,59144.73,3.53517095,209012.16575,59123.637501
363,4856740,1617110640,59160.11,59168.6,59097.28,59097.28,0.79380487,46935.359051,59127.073699
364,4856741,1617110700,59087.49,59109.31,59087.49,59105.73,0.67503741,39894.391038,59099.52611
365,4856742,1617110760,59133.82,59142.68,59110.33,59138.47,0.09834173,5815.3458466,59134.060857
366,4856743,1617110820,59139.01,59154.93,59119.83,59134.24,1.85227005,109543.16171,59139.951925
367,4856744,1617110880,59134.24,59138.08,59104.52,59138.08,0.29863073,17658.710919,59132.263176
368,4856745,1617110940,59130.51,59139.91,59100.17,59126.14,2.84475152,168203.5311,59127.6707
369,4856746,1617111000,59126.14,59148.65,59109.35,59109.35,2.9756388,175956.99592,59132.511621
370,4856747,1617111060,59117.93,59134.09,59086.52,59086.52,1.37466814,81252.749874,59107.174677
371,4856748,1617111120,59085.49,59085.49,59034.17,59082.22,1.07892338,63722.595155,59061.279361
372,4856749,1617111180,59060.82,59060.82,59030.06,59030.06,1.26727256,74809.898326,59032.208767
373,4856750,1617111240,59030.06,59041.8,58965.66,58965.81,3.06196691,180729.89506,59024.117626
374,4856751,1617111300,58951.83,59086.17,58936.02,59057.77,7.00460311,413639.35861,59052.504776
375,4856752,1617111360,59008.67,59059.5,58993.17,59017.05,2.11044232,124531.33664,59007.221122
376,4856753,1617111420,59012.31,59029.47,58983.67,58983.67,1.03304314,60952.389232,59002.753004
377,4856754,1617111480,58990.82,59027.84,58966.48,59027.84,1.60517,94706.720376,59001.053082
378,4856755,1617111540,59035.31,59080.89,59026.68,59044.25,3.63807295,214838.21867,59052.751724
379,4856756,1617111600,59040.21,59068.2,59026.68,59057.66,2.82604717,166898.80549,59057.331833
380,4856757,1617111660,59057.66,59088.52,59020.45,59079.24,4.77858961,282243.45859,59064.176174
381,4856758,1617111720,59091.76,59103.61,59057.93,59057.93,4.42775862,261629.3467,59088.439356
382,4856759,1617111780,59044.83,59078.77,59024.56,59024.56,1.20458248,71143.263054,59060.516183
383,4856760,1617111840,59007.76,59034.06,58952.28,58980.16,2.73720946,161457.85595,58986.299115
384,4856761,1617111900,58992.35,59001.66,58947.39,58973.0,0.95000729,56016.910115,58964.716065
385,4856762,1617111960,58994.11,58994.11,58917.07,58917.07,1.99091166,117323.20637,58929.388343
386,4856763,1617112020,58959.97,58990.34,58943.84,58979.78,0.68523655,40403.219872,58962.441324
387,4856764,1617112080,58971.51,58986.66,58957.11,58957.11,0.58164255,34299.875558,58970.712439
388,4856765,1617112140,58943.68,58959.88,58923.9,58932.55,1.691185,99671.249088,58935.745698
389,4856766,1617112200,58940.89,58949.1,58904.81,58925.39,1.1623321,68497.229487,58930.859336
390,4856767,1617112260,58885.21,58912.46,58851.93,58911.89,0.82605021,48632.648868,58873.72012
391,4856768,1617112320,58914.29,58983.74,58914.29,58917.71,3.80283508,224107.93464,58931.804805
392,4856769,1617112380,58919.58,58919.58,58878.0,58900.52,1.1215497,66055.226285,58896.387994
393,4856770,1617112440,58897.66,58897.85,58818.68,58849.12,0.83364437,49057.128661,58846.590257
394,4856771,1617112500,58876.24,58878.25,58838.9,58838.9,1.35060643,79483.600932,58850.305438
395,4856772,1617112560,58856.14,58889.05,58834.11,58883.86,6.11058551,359638.43968,58854.988461
396,4856773,1617112620,58889.05,58931.2,58843.75,58923.81,1.83588913,108098.84124,58880.920135
397,4856774,1617112680,58927.2,58942.81,58905.13,58939.08,0.83152694,48991.074822,58917.002523
398,4856775,1617112740,58920.59,58924.14,58911.75,58921.57,1.78185118,104984.25729,58918.645096
399,4856776,1617112800,58911.69,58950.13,58910.07,58950.13,2.31089412,136142.51436,58913.350109
400,4856777,1617112860,58932.33,58932.33,58915.18,58924.65,0.33425397,19694.403742,58920.478167
401,4856778,1617112920,58915.07,58915.07,58858.4,58858.4,6.7690188,398535.24398,58876.368312
402,4856779,1617112980,58847.29,58847.29,58763.5,58820.0,3.90728776,229704.535,58788.742756
403,4856780,1617113040,58788.88,58813.37,58782.47,58799.06,2.94552318,173197.93117,58800.396598
404,4856781,1617113100,58800.3,58800.3,58743.75,58784.29,1.97588967,116123.00946,58769.986614
405,4856782,1617113160,58763.83,58763.83,58731.1,58746.29,0.29782352,17496.054478,58746.382682
406,4856783,1617113220,58726.67,58727.65,58676.33,58681.09,9.74030447,571711.47427,58695.441814
407,4856784,1617113280,58732.57,58756.6,58731.87,58747.01,2.86022206,168033.41724,58748.38167
408,4856785,1617113340,58715.35,58715.35,58675.13,58675.13,0.82690904,48528.193425,58686.253358
409,4856786,1617113400,58683.86,58686.48,58615.12,58643.7,5.02666238,294821.85235,58651.612155
410,4856787,1617113460,58641.3,58723.74,58641.3,58707.61,2.58906478,151946.9542,58687.969253
411,4856788,1617113520,58710.67,58761.67,58710.67,58742.16,1.79605564,105481.31827,58729.426817
412,4856789,1617113580,58759.2,58802.0,58740.44,58781.2,2.11844508,124533.78636,58785.468424
413,4856790,1617113640,58801.45,58805.36,58768.02,58802.65,1.46197217,85953.18702,58792.628741
414,4856791,1617113700,58811.12,58860.73,58785.0,58860.73,3.6705488,215911.84213,58822.768446
415,4856792,1617113760,58855.47,58855.47,58800.0,58800.81,2.41724301,142175.33213,58817.144797
416,4856793,1617113820,58800.98,58870.16,58800.98,58847.68,6.13693213,361140.52826,58847.078737
417,4856794,1617113880,58870.15,58870.15,58830.94,58835.51,5.21622349,306964.81915,58848.095703
418,4856795,1617113940,58846.95,58850.77,58784.2,58790.24,2.6689885,157003.41238,58825.061397
419,4856796,1617114000,58808.81,58810.29,58700.0,58736.74,5.86975699,344873.86699,58754.368806
420,4856797,1617114060,58728.76,58786.71,58688.63,58779.95,1.14300149,67161.029134,58758.479076
421,4856798,1617114120,58784.11,58784.11,58694.74,58694.74,0.53643381,31495.398473,58712.552949
422,4856799,1617114180,58702.02,58713.33,58670.0,58693.98,1.93957971,113806.20453,58675.703786
423,4856800,1617114240,58685.24,58777.43,58685.24,58777.43,0.82943031,48716.136819,58734.454519
424,4856801,1617114300,58799.01,58799.01,58730.34,58747.9,0.31910347,18747.480895,58750.476435
425,4856802,1617114360,58751.13,58825.89,58736.68,58825.89,1.71722858,100895.40975,58754.792997
426,4856803,1617114420,58814.4,58849.95,58808.56,58828.09,3.6253884,213281.73599,58830.037627
427,4856804,1617114480,58830.57,58849.8,58815.39,58835.62,1.08189972,63640.270264,58822.707029
428,4856805,1617114540,58849.61,58900.0,58849.61,58900.0,1.01089538,59499.986547,58858.698659
429,4856806,1617114600,58889.33,58907.08,58878.57,58878.57,0.03582,2109.0935588,58880.333857
430,4856807,1617114660,58843.45,58926.29,58834.77,58926.29,3.35552711,197719.05077,58923.395429
431,4856808,1617114720,58912.35,58925.71,58892.19,58892.19,1.91407156,112762.81241,58912.537424
432,4856809,1617114780,58897.47,58918.56,58896.3,58909.27,0.97781299,57595.59462,58902.464182
433,4856810,1617114840,58903.15,58914.8,58889.21,58889.21,2.85021228,167866.32533,58896.0782
434,4856811,1617114900,58889.21,58889.21,58845.12,58868.57,3.91682547,230593.23366,58872.481154
435,4856812,1617114960,58848.98,58889.24,58837.73,58850.95,1.56904924,92333.683225,58846.899683
436,4856813,1617115020,58869.93,58889.24,58867.94,58886.0,0.65922495,38810.96854,58873.634166
437,4856814,1617115080,58876.67,58887.07,58842.11,58858.1,0.45690726,26903.37263,58881.473299
438,4856815,1617115140,58844.09,58844.09,58831.92,58831.92,1.60814439,94615.046349,58834.919885
439,4856816,1617115200,58795.51,58857.55,58793.6,58857.55,1.39856167,82253.502414,58812.924863
440,4856817,1617115260,58844.0,58885.15,58844.0,58885.15,0.44377855,26125.744203,58871.128861
441,4856818,1617115320,58861.69,58874.99,58849.04,58866.43,0.05093082,2997.3901192,58852.186539
442,4856819,1617115380,58852.88,58979.71,58852.88,58969.42,4.01920031,236903.0625,58942.835446
443,4856820,1617115440,58957.8,58977.29,58935.1,58972.59,5.45758752,321769.97584,58958.280497
444,4856821,1617115500,58956.07,59000.0,58941.88,58997.12,1.81662639,107172.21498,58995.187769
445,4856822,1617115560,59000.0,59039.61,58974.87,58974.87,3.09487397,182679.77636,59026.563968
446,4856823,1617115620,58959.08,58976.9,58921.62,58921.62,2.06163262,121533.14852,58949.954197
447,4856824,1617115680,58929.7,58932.21,58888.31,58888.31,3.41701873,201312.92843,58914.786349
448,4856825,1617115740,58899.85,58927.5,58885.59,58885.59,0.6136674,36141.284048,58893.928614
449,4856826,1617115800,58875.0,58900.3,58842.75,58863.19,1.14445958,67393.391951,58886.65107
450,4856827,1617115860,58859.69,58882.69,58859.15,58864.59,0.42475342,25003.126496,58865.038675
451,4856828,1617115920,58864.59,58874.54,58844.55,58844.55,0.1736634,10220.858222,58854.417351
452,4856829,1617115980,58860.98,58864.12,58843.86,58864.12,0.37781053,22235.335202,58853.137846
453,4856830,1617116040,58855.51,58887.57,58854.76,58860.02,0.59693563,35138.968423,58865.590622
454,4856831,1617116100,58881.69,58881.69,58850.0,58850.0,0.96182895,56614.753562,58861.561155
455,4856832,1617116160,58850.78,58850.78,58843.61,58845.54,1.1564922,68057.048637,58847.823303
456,4856833,1617116220,58832.28,58857.03,58808.08,58832.7,1.17861904,69338.385602,58830.193004
457,4856834,1617116280,58845.39,58848.46,58822.85,58848.46,0.36437696,21436.418396,58830.334377
458,4856835,1617116340,58839.56,58884.6,58839.56,58884.6,0.74960477,44116.532076,58853.056759
459,4856836,1617116400,58881.14,58941.59,58861.15,58910.9,0.71232707,41942.97823,58881.628955
460,4856837,1617116460,58904.18,58904.18,58822.89,58822.9,3.94803888,232242.81834,58824.855935
461,4856838,1617116520,58822.34,58822.34,58794.06,58794.06,0.13223389,7776.9055841,58811.743224
462,4856839,1617116580,58780.0,58780.0,58750.0,58750.0,3.27359324,192418.96531,58779.130823
463,4856840,1617116640,58757.17,58826.75,58757.17,58799.78,1.87717105,110341.66579,58780.826497
464,4856841,1617116700,58791.21,58833.64,58791.21,58828.03,2.07912057,122281.05013,58813.833069
465,4856842,1617116760,58850.79,58850.79,58835.39,58846.59,0.86925452,51144.515942,58837.215988
466,4856843,1617116820,58847.3,58847.75,58822.45,58834.94,3.51794669,206936.86686,58823.195772
467,4856844,1617116880,58858.25,58858.25,58825.41,58841.77,0.46680232,27466.203883,58839.047507
468,4856845,1617116940,58829.96,58857.8,58818.9,58854.76,0.98437376,57917.607391,58837.008608
469,4856846,1617117000,58850.05,58855.3,58832.48,58838.74,1.29967659,76477.028305,58843.122122
470,4856847,1617117060,58831.5,58847.34,58821.99,58832.28,1.03414736,60841.393877,58832.421984
471,4856848,1617117120,58836.87,58849.0,58821.65,58849.0,0.62522236,36783.024167,58831.907686
472,4856849,1617117180,58842.81,58842.81,58790.0,58790.0,1.23292603,72490.153582,58795.217083
473,4856850,1617117240,58787.08,58821.19,58779.98,58821.19,2.42255437,142420.39653,58789.34991
474,4856851,1617117300,58837.19,58888.71,58837.19,58878.67,0.97503339,57401.092184,58870.898958
475,4856852,1617117360,58878.67,58878.67,58857.87,58874.02,2.75694993,162307.24722,58872.032985
476,4856853,1617117420,58859.2,58873.78,58846.68,58873.78,0.32843865,19332.234431,58861.021475
477,4856854,1617117480,58873.78,58875.64,58862.2,58862.2,0.30368735,17877.877991,58869.353598
478,4856855,1617117540,58898.32,58921.1,58882.45,58900.8,2.55525066,150482.30849,58891.407738
479,4856856,1617117600,58898.66,58903.8,58860.86,58860.86,3.3184636,195425.37874,58890.318622
480,4856857,1617117660,58844.34,58844.34,58805.52,58805.52,1.66667467,98037.122144,58821.990823
481,4856858,1617117720,58814.41,58814.41,58785.2,58785.2,0.19375482,11391.475137,58793.24776
482,4856859,1617117780,58802.14,58802.14,58763.1,58763.1,4.3366955,254897.07473,58776.797848
483,4856860,1617117840,58766.29,58774.99,58745.78,58746.59,5.82280241,342214.07068,58771.369279
484,4856861,1617117900,58744.56,58745.39,58735.0,58735.0,0.4279794,25138.174273,58736.879096
485,4856862,1617117960,58744.56,58773.33,58732.49,58746.24,2.37730556,139654.98562,58745.071719
486,4856863,1617118020,58746.24,58805.82,58740.9,58805.82,4.66529792,274198.12769,58773.980224
487,4856864,1617118080,58801.55,58805.07,58776.14,58796.28,2.53871018,149278.97265,58801.108463
488,4856865,1617118140,58776.14,58776.14,58740.93,58741.74,4.44333334,261091.44429,58760.264944
489,4856866,1617118200,58741.74,58760.4,58740.93,58740.94,0.61501808,36132.341774,58750.048086
490,4856867,1617118260,58741.11,58741.11,58700.0,58713.83,6.10019134,358226.69134,58723.845102
491,4856868,1617118320,58716.76,58724.13,58700.0,58724.13,1.65601841,97223.198031,58709.00797
492,4856869,1617118380,58724.13,58759.89,58724.13,58749.09,0.69006746,40529.848143,58733.168121
493,4856870,1617118440,58745.28,58745.28,58726.91,58735.84,0.41870606,24594.612562,58739.566756
494,4856871,1617118500,58709.62,58709.62,58699.48,58704.18,1.1744108,68945.407426,58706.380618
495,4856872,1617118560,58699.15,58700.6,58670.38,58681.03,2.00154669,117465.65307,58687.440895
496,4856873,1617118620,58699.15,58699.15,58670.52,58678.11,2.09966189,123214.38018,58682.962607
497,4856874,1617118680,58678.11,58678.11,58630.96,58630.96,7.22417317,423779.75501,58661.350584
498,4856875,1617118740,58630.1,58635.93,58619.46,58632.1,1.22587256,71874.220848,58631.070793
499,4856876,1617118800,58632.1,58699.15,58632.1,58690.33,4.60179685,270023.31124,58677.799139
500,4856877,1617118860,58687.33,58750.6,58685.93,58732.72,10.87665266,638719.67812,58723.919766
501,4856878,1617118920,58732.33,58737.98,58710.03,58710.03,0.56513664,33185.041078,58720.385
502,4856879,1617118980,58709.76,58729.87,58709.76,58729.87,5.96227726,350044.68335,58709.896921
503,4856880,1617119040,58728.42,58744.04,58727.08,58739.3,1.58208013,92926.123344,58736.673056
504,4856881,1617119100,58735.68,58743.95,58678.76,58688.05,2.91587113,171172.48221,58703.719946
505,4856882,1617119160,58694.89,58727.5,58692.09,58692.09,2.8896147,169651.5125,58710.772929
506,4856883,1617119220,58692.09,58697.43,58661.28,58666.73,0.95058036,55775.114456,58674.802051
507,4856884,1617119280,58676.36,58676.36,58622.9,58633.31,8.82819621,517612.67505,58631.759279
508,4856885,1617119340,58633.31,58636.32,58612.54,58636.32,6.57632199,385593.86678,58633.665956
509,4856886,1617119400,58636.32,58653.27,58508.71,58530.6,7.83400478,459146.33706,58609.40221
510,4856887,1617119460,58526.05,58557.72,58430.09,58492.11,19.17858337,1121670.0592,58485.553266
511,4856888,1617119520,58484.44,58551.05,58484.44,58538.33,12.0644407,705928.42979,58513.15012
512,4856889,1617119580,58519.26,58565.6,58513.1,58523.36,8.43166103,493535.61786,58533.617054
513,4856890,1617119640,58542.0,58569.71,58518.58,58535.69,2.35176247,137683.96596,58545.013672
514,4856891,1617119700,58535.6,58535.6,58496.91,58520.88,2.37009943,138671.79443,58508.85101
515,4856892,1617119760,58520.79,58570.33,58510.57,58548.24,3.190021,186722.80638,58533.409772
516,4856893,1617119820,58594.79,58623.57,58578.27,58601.52,5.80050524,339902.22948,58598.728114
517,4856894,1617119880,58619.17,58656.45,58596.72,58607.8,1.40845927,82564.943405,58620.753304
518,4856895,1617119940,58590.17,58599.96,58496.91,58514.65,2.23449492,130819.66873,58545.520763
519,4856896,1617120000,58514.65,58661.86,58511.68,58661.86,14.86967006,870852.42898,58565.686089
520,4856897,1617120060,58661.86,58665.36,58567.98,58655.64,0.80605307,47259.138506,58630.306447
521,4856898,1617120120,58629.29,58629.29,58538.09,58561.56,5.44293091,318692.19668,58551.578544
522,4856899,1617120180,58555.16,58555.16,58468.19,58477.66,1.32617949,77577.26401,58496.805745
523,4856900,1617120240,58477.66,58507.28,58445.17,58500.51,2.7178164,158969.30614,58491.554521
524,4856901,1617120300,58486.27,58507.05,58470.41,58507.05,0.91752279,53654.907954,58478.011161
525,4856902,1617120360,58490.17,58593.63,58490.17,58573.29,2.03000617,118866.45491,58554.725925
526,4856903,1617120420,58578.7,58601.73,58578.58,58596.15,1.15819516,67856.262561,58587.934835
527,4856904,1617120480,58580.41,58649.43,58580.41,58623.0,0.76434821,44802.749508,58615.626912
528,4856905,1617120540,58631.06,58717.25,58631.06,58709.65,1.20089078,70456.745678,58670.402714
529,4856906,1617120600,58709.49,58768.14,58709.49,58750.05,1.37650211,80833.796708,58724.063059
530,4856907,1617120660,58751.35,58751.35,58644.54,58644.54,9.34427248,548362.48519,58684.342346
531,4856908,1617120720,58641.7,58657.56,58621.48,58621.48,0.01466325,859.99764717,58649.865969
532,4856909,1617120780,58645.8,58668.86,58638.08,58668.86,0.62583547,36699.689835,58641.115108
533,4856910,1617120840,58699.05,58716.78,58667.17,58698.95,0.46190684,27118.155314,58709.144281
534,4856911,1617120900,58706.92,58706.92,58678.82,58678.82,0.12277491,7206.6909631,58698.401514
535,4856912,1617120960,58678.82,58723.3,58632.92,58632.92,1.29942714,76218.185858,58655.220837
536,4856913,1617121020,58640.62,58723.32,58640.62,58723.32,0.44977829,26390.135018,58673.65234
537,4856914,1617121080,58734.37,58749.17,58724.19,58729.19,1.7473213,102626.47192,58733.600923
538,4856915,1617121140,58718.69,58718.92,58658.78,58699.29,0.92011153,53988.295815,58675.817066
539,4856916,1617121200,58693.4,58699.28,58657.0,58662.56,1.28832109,75598.395023,58679.777588
540,4856917,1617121260,58645.91,58655.7,58629.68,58629.68,1.02698497,60228.237959,58645.685885
541,4856918,1617121320,58652.31,58682.05,58637.41,58637.41,0.67866384,39816.318203,58668.689646
542,4856919,1617121380,58665.59,58666.84,58600.0,58600.0,2.20640369,129389.32125,58642.63273
543,4856920,1617121440,58600.0,58602.99,58585.38,58602.99,0.62853674,36829.025852,58594.865674
544,4856921,1617121500,58607.79,58638.93,58544.8,58638.93,1.91145609,111969.59001,58578.164887
545,4856922,1617121560,58669.64,58709.93,58649.54,58649.54,1.48796894,87283.696025,58659.622307
546,4856923,1617121620,58659.36,58727.17,58650.29,58717.93,0.4715132,27666.955444,58676.947843
547,4856924,1617121680,58700.0,58750.56,58700.0,58746.28,3.40811241,200154.40433,58728.815324
548,4856925,1617121740,58736.42,58736.42,58694.19,58700.0,2.54351081,149317.63605,58705.327873
549,4856926,1617121800,58700.0,58729.44,58646.33,58724.96,6.53884643,383601.58655,58665.024581
550,4856927,1617121860,58724.96,58724.96,58700.07,58724.51,0.68661014,40315.262304,58716.3806
551,4856928,1617121920,58700.0,58725.04,58683.06,58695.72,1.50131401,88154.123904,58717.978595
552,4856929,1617121980,58716.35,58724.47,58681.61,58724.47,0.46105398,27061.118812,58694.035808
553,4856930,1617122040,58704.68,58711.87,58648.32,58653.39,1.66695792,97792.529131,58665.265606
554,4856931,1617122100,58653.94,58673.32,58649.48,58673.32,0.91357728,53587.089816,58656.329343
555,4856932,1617122160,58687.98,58693.98,58665.52,58670.61,0.87904462,51576.583219,58673.453026
556,4856933,1617122220,58694.58,58694.58,58647.37,58647.37,0.14148622,8299.7564099,58661.235065
557,4856934,1617122280,58646.8,58679.65,58646.8,58678.36,0.53493243,31380.53489,58662.614435
558,4856935,1617122340,58697.17,58697.17,58680.99,58680.99,0.20218248,11864.849537,58683.865869
559,4856936,1617122400,58693.71,58693.71,58646.8,58646.81,0.01788,1049.0082417,58669.364748
560,4856937,1617122460,58646.81,58646.81,58595.66,58614.97,0.64180095,37612.322906,58604.342836
561,4856938,1617122520,58609.02,58642.14,58607.45,58616.54,0.68556003,40181.390242,58611.04569
562,4856939,1617122580,58635.41,58710.55,58635.41,58705.0,0.8076323,47374.597417,58658.621525
563,4856940,1617122640,58708.46,58708.46,58666.93,58678.53,0.49150789,28840.574501,58677.744728
564,4856941,1617122700,58675.77,58679.95,58651.62,58658.42,0.76801495,45060.560826,58671.463135
565,4856942,1617122760,58674.83,58707.5,58658.61,58697.5,0.2615536,15346.689752,58675.123385
566,4856943,1617122820,58722.17,58769.38,58722.17,58733.67,2.40451736,141264.12508,58749.471903
567,4856944,1617122880,58788.0,58841.28,58784.74,58826.61,11.44572386,672920.63614,58792.317932
568,4856945,1617122940,58821.56,58821.56,58785.19,58788.41,0.85800888,50443.361392,58791.188026
569,4856946,1617123000,58795.38,58802.96,58742.42,58742.42,1.08490747,63767.512665,58776.913634
570,4856947,1617123060,58747.62,58756.63,58724.11,58752.0,0.73267445,43033.26924,58734.502398
571,4856948,1617123120,58754.79,58778.46,58712.88,58727.7,0.7415582,43555.223893,58734.734365
572,4856949,1617123180,58735.35,58741.94,58706.53,58718.27,2.88891789,169680.48921,58734.964325
573,4856950,1617123240,58776.15,58776.15,58687.25,58687.25,1.00216265,58855.708031,58728.698411
574,4856951,1617123300,58701.78,58701.78,58701.78,58701.78,0.02162884,1269.6514073,58701.78
575,4856952,1617123360,58690.0,58690.0,58639.97,58656.87,1.13545416,66607.369611,58661.434303
576,4856953,1617123420,58663.13,58676.58,58639.49,58674.76,4.35166464,255283.3747,58663.384203
577,4856954,1617123480,58654.34,58671.79,58628.03,58635.79,0.97903888,57410.973472,58640.136408
578,4856955,1617123540,58664.23,58734.82,58653.63,58720.44,2.16522943,127044.48723,58674.838551
579,4856956,1617123600,58735.6,58789.0,58717.03,58717.03,1.01287714,59493.452414,58737.086725
580,4856957,1617123660,58735.91,58790.1,58717.16,58761.79,0.36679984,21557.586792,58772.072506
581,4856958,1617123720,58764.16,58824.76,58755.03,58824.76,1.90287285,111881.3866,58796.039156
582,4856959,1617123780,58797.57,58819.44,58750.33,58762.67,0.28457204,16722.453332,58763.514967
583,4856960,1617123840,58762.63,58762.67,58723.56,58738.55,1.84507877,108371.54862,58735.459094
584,4856961,1617123900,58790.97,58808.99,58756.03,58777.27,0.95360343,56051.223088,58778.336282
585,4856962,1617123960,58760.39,58775.98,58713.27,58713.27,3.19557783,187655.57922,58723.52019
586,4856963,1617124020,58704.88,58724.47,58704.66,58724.47,0.15644382,9184.1209671,58705.553004
587,4856964,1617124080,58706.19,58756.57,58706.19,58729.73,2.3915202,140454.25996,58730.116499
588,4856965,1617124140,58729.73,58736.68,58678.67,58682.68,4.49724479,264097.28281,58724.240094
589,4856966,1617124200,58678.49,58697.73,58678.49,58697.73,0.06199441,3638.0919003,58684.192661
590,4856967,1617124260,58743.43,58758.07,58728.81,58756.62,0.22178126,13027.105453,58738.531168
591,4856968,1617124320,58746.87,58788.95,58746.87,58782.24,0.50868398,29884.551991,58748.757904
592,4856969,1617124380,58764.24,58764.24,58724.33,58730.55,1.19464519,70180.160173,58745.609793
593,4856970,1617124440,58718.26,58737.43,58708.38,58737.43,0.36358086,21352.550131,58728.476883
594,4856971,1617124500,58724.21,58724.21,58708.75,58709.22,0.3664736,21517.414457,58714.773607
595,4856972,1617124560,58710.71,58760.02,58710.71,58760.02,1.8328671,107651.57554,58733.977788
596,4856973,1617124620,58779.91,58810.09,58774.45,58794.88,1.3742995,80786.033484,58783.426381
597,4856974,1617124680,58794.56,58828.28,58793.6,58828.28,0.26169229,15386.979932,58797.987253
598,4856975,1617124740,58845.75,58847.74,58796.05,58796.41,2.34835389,138115.32572,58813.676383
599,4856976,1617124800,58810.86,58884.83,58810.86,58877.8,0.78110275,45958.452805,58837.909359
600,4856977,1617124860,58848.67,58864.57,58830.95,58830.95,0.46255672,27221.3907,58849.843756
601,4856978,1617124920,58829.78,58835.65,58818.38,58819.13,0.15512256,9124.6464851,58822.175737
602,4856979,1617124980,58821.47,58849.9,58794.01,58839.47,0.41620595,24478.206044,58812.724911
603,4856980,1617125040,58859.69,58875.89,58859.69,58872.56,0.0108059,636.17010695,58872.477716
604,4856981,1617125100,58871.82,58871.82,58846.05,58846.05,0.02186746,1286.9470475,58852.150525
605,4856982,1617125160,58854.42,58854.42,58808.39,58808.39,1.36012706,80016.401108,58830.092762
606,4856983,1617125220,58824.88,58849.68,58820.19,58849.68,0.50528861,29725.777629,58829.304758
607,4856984,1617125280,58835.13,58842.02,58794.61,58804.03,0.59730704,35127.74068,58810.190283
608,4856985,1617125340,58814.7,58814.7,58785.5,58791.02,0.63730505,37468.038328,58791.372089
609,4856986,1617125400,58792.37,58810.0,58786.54,58786.54,0.98009726,57621.608575,58791.724992
610,4856987,1617125460,58807.75,58807.75,58784.48,58802.86,0.78504494,46158.438972,58797.193154
611,4856988,1617125520,58810.0,58810.0,58785.89,58785.89,0.02579576,1516.7888391,58799.928324
612,4856989,1617125580,58785.89,58824.47,58785.89,58824.47,0.52735972,31006.818121,58796.333783
613,4856990,1617125640,58818.82,58818.82,58803.9,58810.11,0.76577172,45036.076822,58811.360678
614,4856991,1617125700,58843.52,58865.22,58829.55,58865.22,0.53977963,31758.074658,58835.259601
615,4856992,1617125760,58868.48,58870.36,58856.7,58856.7,0.51376642,30240.789776,58860.969886
616,4856993,1617125820,58885.0,58885.0,58829.2,58847.09,1.62728207,95806.356588,58875.076641
617,4856994,1617125880,58848.12,58859.13,58848.12,58851.45,0.3396957,19991.590142,58851.466599
618,4856995,1617125940,58853.7,58866.78,58836.67,58855.2,1.45902246,85865.932762,58851.686739
619,4856996,1617126000,58873.34,58879.91,58821.63,58823.07,0.30239294,17795.204296,58847.948949
620,4856997,1617126060,58823.77,58839.71,58823.77,58829.59,0.05705903,3356.6302507,58827.327607
621,4856998,1617126120,58829.59,58854.6,58811.83,58817.07,0.40810305,24008.272092,58828.945514
622,4856999,1617126180,58822.33,58831.73,58785.92,58808.93,2.56019045,150522.27595,58793.390137
623,4857000,1617126240,58800.69,58808.55,58773.76,58795.74,0.72968486,42900.731638,58793.506608
624,4857001,1617126300,58799.65,58814.73,58799.65,58814.73,0.02367,1391.9385155,58806.020934
625,4857002,1617126360,58831.39,58869.81,58831.39,58837.29,0.18759366,11039.850508,58849.806053
626,4857003,1617126420,58844.69,58863.49,58818.48,58827.64,3.50162866,206064.48543,58848.183356
627,4857004,1617126480,58814.04,58831.49,58797.54,58811.48,1.46828559,86353.581985,58812.52433
628,4857005,1617126540,58810.03,58815.47,58784.35,58809.27,0.58377906,34320.363213,58789.986768
629,4857006,1617126600,58832.42,58832.42,58796.35,58810.44,1.50113314,88279.05341,58808.276933
630,4857007,1617126660,58825.34,58825.34,58825.34,58825.34,0.07888,4640.1428192,58825.34
631,4857008,1617126720,58821.38,58845.69,58800.59,58845.69,1.80910497,106397.97655,58812.494752
632,4857009,1617126780,58799.87,58830.9,58799.87,58830.39,0.1791325,10536.419813,58819.141211
633,4857010,1617126840,58826.99,58826.99,58784.37,58784.37,0.1780345,10466.163843,58787.27911
634,4857011,1617126900,58796.57,58804.9,58755.38,58755.38,2.62323577,154156.23986,58765.682299
635,4857012,1617126960,58772.93,58772.93,58720.24,58743.92,1.58759325,93275.945563,58753.049978
636,4857013,1617127020,58731.58,58731.58,58673.96,58676.89,1.33801441,78534.490518,58694.801738
637,4857014,1617127080,58691.33,58758.66,58691.33,58747.34,1.51901187,89223.889631,58738.112185
638,4857015,1617127140,58755.03,58772.74,58709.82,58733.17,3.95359395,232222.08371,58736.958486
639,4857016,1617127200,58725.36,58754.82,58715.22,58747.94,0.49635858,29159.4928,58746.829359
640,4857017,1617127260,58773.82,58811.28,58773.82,58809.12,0.05649807,3321.3419392,58786.821199
641,4857018,1617127320,58809.13,58809.13,58799.58,58799.58,0.13400461,7879.6669573,58801.461811
642,4857019,1617127380,58785.58,58848.89,58785.58,58845.87,0.53300315,31339.15689,58797.320221
643,4857020,1617127440,58820.37,58849.67,58820.37,58846.59,0.23717527,13955.686332,58841.237251
644,4857021,1617127500,58849.09,58909.13,58845.12,58909.13,2.31583836,136334.79901,58870.602267
645,4857022,1617127560,58891.94,59014.18,58891.94,59013.82,7.07358053,417313.19167,58996.033182
646,4857023,1617127620,59009.21,59009.26,58967.31,58996.39,8.74583547,515935.90701,58992.180767
647,4857024,1617127680,58996.39,59100.0,58996.39,59100.0,27.87631883,1647145.3091,59087.619105
648,4857025,1617127740,59100.0,59144.94,59092.02,59130.56,17.42345901,1029872.4424,59108.38036
649,4857026,1617127800,59136.55,59136.55,59040.82,59063.56,12.794226,756070.41361,59094.658294
650,4857027,1617127860,59063.56,59087.09,59034.94,59050.79,10.11186493,597338.0687,59072.987311
651,4857028,1617127920,59050.79,59061.26,59021.31,59061.26,9.48354671,559956.48514,59045.049522
652,4857029,1617127980,59061.26,59101.25,59061.26,59073.55,0.74378146,43941.689852,59078.764684
653,4857030,1617128040,59080.8,59100.53,59055.98,59055.98,16.08329873,950162.65918,59077.598143
654,4857031,1617128100,59076.94,59103.28,59073.68,59076.16,2.43791548,144031.3013,59079.694305
655,4857032,1617128160,59075.82,59079.43,59063.51,59070.78,9.71374577,573815.13117,59072.488076
656,4857033,1617128220,59070.78,59099.98,59065.44,59099.98,6.60609289,390238.26786,59072.47663
657,4857034,1617128280,59077.72,59093.57,59033.97,59047.44,7.57241882,447321.26184,59072.440719
658,4857035,1617128340,59052.59,59077.33,59046.85,59055.93,0.46075957,27209.779291,59054.181536
659,4857036,1617128400,59056.97,59057.56,59049.35,59052.23,1.22782471,72507.04867,59053.257423
660,4857037,1617128460,59050.3,59081.45,59049.96,59081.45,1.74002317,102764.13998,59059.064129
661,4857038,1617128520,59081.46,59100.0,59068.88,59100.0,0.83457226,49303.926298,59076.88125
662,4857039,1617128580,59081.16,59110.67,59068.15,59068.15,1.44833268,85575.373427,59085.439836
663,4857040,1617128640,59042.11,59072.69,59033.67,59052.66,1.41959321,83822.511422,59046.852881
664,4857041,1617128700,59066.01,59066.01,59066.01,59066.01,0.00486,287.0608086,59066.01
665,4857042,1617128760,59057.9,59074.99,59005.63,59014.59,3.07214175,181415.95439,59051.947845
666,4857043,1617128820,59000.0,59000.0,58951.17,59000.0,2.05894832,121431.09052,58977.240631
667,4857044,1617128880,59017.42,59046.07,58992.81,59033.48,0.76947939,45425.251532,59033.746871
668,4857045,1617128940,59033.48,59039.28,59017.3,59032.62,1.10082194,64985.160625,59033.307989
669,4857046,1617129000,59025.67,59025.67,58952.12,58952.12,0.52304842,30852.038296,58985.052084
670,4857047,1617129060,58931.13,58931.13,58850.06,58913.82,1.33840727,78824.548953,58894.292283
671,4857048,1617129120,58922.34,58922.34,58811.64,58811.64,2.44356716,143869.15747,58876.694622
672,4857049,1617129180,58787.26,58876.32,58787.26,58876.32,0.96390442,56708.1297,58831.69381
673,4857050,1617129240,58853.74,58865.48,58808.93,58865.48,0.57536366,33853.625573,58838.657924
674,4857051,1617129300,58865.48,58882.23,58826.13,58853.45,1.69769634,99928.104726,58861.000269
675,4857052,1617129360,58864.6,58906.18,58862.03,58903.53,2.77515096,163445.71985,58896.154554
676,4857053,1617129420,58905.62,58905.62,58860.03,58863.06,0.74042708,43598.96669,58883.538795
677,4857054,1617129480,58860.71,58879.47,58845.95,58874.16,1.49642113,88081.848645,58861.671276
678,4857055,1617129540,58885.62,58920.6,58870.49,58870.49,0.70566306,41559.645186,58894.460462
679,4857056,1617129600,58859.07,58897.87,58856.43,58892.32,2.41274761,142072.92502,58884.287952
680,4857057,1617129660,58892.11,58924.6,58882.27,58915.0,0.91805276,54073.347101,58900.043067
681,4857058,1617129720,58899.54,58953.71,58899.54,58953.71,3.9109759,230394.73963,58909.7825
682,4857059,1617129780,58957.02,58960.71,58900.0,58901.55,0.1642258,9677.3359649,58927.01369
683,4857060,1617129840,58880.05,58895.73,58864.2,58888.41,1.02316809,60246.372648,58882.184889
684,4857061,1617129900,58899.08,58970.63,58899.08,58963.03,1.51491816,89287.170333,58938.609815
685,4857062,1617129960,58950.39,58966.32,58914.27,58929.12,2.29011124,134959.37861,58931.363792
686,4857063,1617130020,58929.12,58961.72,58902.7,58961.72,0.38297705,22571.463022,58936.855413
687,4857064,1617130080,58959.0,58982.41,58959.0,58960.51,1.15701354,68238.861561,58978.446839
688,4857065,1617130140,58962.72,58965.39,58939.17,58943.56,0.15157247,8935.03887,58948.956034
689,4857066,1617130200,58930.5,58951.94,58890.37,58890.37,1.06747808,62892.297741,58916.71119
690,4857067,1617130260,58888.2,58900.19,58833.03,58848.59,1.68921729,99469.216037,58884.796305
691,4857068,1617130320,58840.36,58909.85,58840.36,58909.85,0.96008591,56512.831608,58862.265365
692,4857069,1617130380,58892.33,58898.92,58858.14,58879.91,1.04405822,61461.482939,58867.869398
693,4857070,1617130440,58881.95,58881.95,58814.09,58817.51,5.58875161,328988.85697,58866.251343
694,4857071,1617130500,58828.77,58838.47,58812.11,58829.07,1.04625923,61550.428465,58829.042268
695,4857072,1617130560,58859.55,58859.55,58824.16,58840.08,0.79563935,46805.044053,58826.959794
696,4857073,1617130620,58845.69,58845.69,58833.57,58836.61,0.44074785,25931.917258,58836.174149
697,4857074,1617130680,58835.97,58880.38,58826.44,58868.93,0.50308513,29603.609215,58844.134818
698,4857075,1617130740,58868.24,58883.49,58843.68,58876.29,0.96892688,57021.098199,58849.743335
699,4857076,1617130800,58859.19,58872.05,58847.31,58849.28,3.18799803,187660.87875,58864.803861
700,4857077,1617130860,58851.42,58851.42,58821.46,58839.02,1.5105378,88855.341989,58823.646776
701,4857078,1617130920,58824.91,58842.16,58804.14,58826.43,0.75612996,44478.811091,58824.294029
702,4857079,1617130980,58835.29,58870.91,58817.86,58842.38,0.92738134,54579.430519,58853.276603
703,4857080,1617131040,58843.92,58922.54,58841.99,58919.9,2.57770623,151755.59144,58872.337614
704,4857081,1617131100,58890.38,58900.33,58828.04,58855.68,2.59097846,152451.579,58839.384948
705,4857082,1617131160,58811.72,58843.27,58809.73,58809.73,1.78191032,104817.33929,58823.016016
706,4857083,1617131220,58829.58,58856.12,58822.58,58842.82,1.27451177,74984.771931,58834.114911
707,4857084,1617131280,58842.82,58884.21,58823.21,58882.62,1.27618869,75094.240319,58842.5841
708,4857085,1617131340,58886.33,58903.96,58863.04,58863.04,3.22762131,189994.0633,58865.041792
709,4857086,1617131400,58871.08,58871.08,58839.36,58847.82,4.22090569,248384.4994,58846.25662
710,4857087,1617131460,58864.72,58873.49,58817.91,58817.91,1.16722465,68686.126132,58845.678192
711,4857088,1617131520,58818.63,58818.64,58783.39,58783.39,1.05299218,61925.566672,58809.142031
712,4857089,1617131580,58783.39,58800.21,58763.59,58784.23,1.14554669,67343.825623,58787.499638
713,4857090,1617131640,58769.59,58774.87,58757.09,58757.09,1.41057527,82891.615207,58764.40412
714,4857091,1617131700,58777.94,58818.86,58777.94,58818.86,2.24023467,131724.22908,58799.299395
715,4857092,1617131760,58827.4,58827.4,58780.92,58792.14,0.84486341,49690.729317,58815.103991
716,4857093,1617131820,58803.03,58803.03,58766.82,58778.69,0.10084616,5928.802245,58790.560245
717,4857094,1617131880,58783.1,58783.1,58733.0,58733.0,0.96605091,56772.989076,58768.113035
718,4857095,1617131940,58735.5,58762.07,58735.5,58742.44,0.71470224,41982.824237,58741.699533
719,4857096,1617132000,58766.83,58797.71,58762.84,58762.84,3.58158826,210497.12236,58772.004785
720,4857097,1617132060,58770.65,58799.71,58768.12,58780.42,1.22656311,72090.316867,58774.241846
721,4857098,1617132120,58785.64,58786.03,58785.64,58785.64,0.30877065,18151.325513,58785.786517
722,4857099,1617132180,58785.86,58835.26,58785.86,58835.26,0.37883588,22273.654194,58794.996383
723,4857100,1617132240,58827.28,58832.48,58800.61,58831.39,0.5544394,32616.093845,58827.157386
724,4857101,1617132300,58811.78,58815.76,58798.36,58815.25,0.04525397,2661.4567674,58811.564321
725,4857102,1617132360,58807.68,58809.03,58791.12,58791.12,0.41611399,24470.754456,58807.814791
726,4857103,1617132420,58808.92,58858.84,58801.26,58858.84,0.82712413,48656.006648,58825.519512
727,4857104,1617132480,58825.68,58864.74,58825.68,58864.74,0.03867935,2276.1596166,58846.894185
728,4857105,1617132540,58859.53,58902.94,58859.52,58902.94,0.25280554,14882.327258,58868.675337
729,4857106,1617132600,58902.94,58917.64,58898.2,58903.0,1.18213888,69640.420409,58910.523617
730,4857107,1617132660,58884.31,58884.31,58856.2,58884.11,0.88847972,52302.60405,58867.527162
731,4857108,1617132720,58886.88,58886.88,58859.4,58878.7,0.8947315,52682.75358,58881.076144
732,4857109,1617132780,58885.1,59036.32,58885.1,59030.12,10.10513352,595710.72549,58951.296815
733,4857110,1617132840,59064.18,59064.18,59006.63,59010.52,3.72102256,219594.11748,59014.454747
734,4857111,1617132900,59013.09,59054.55,59013.09,59044.61,1.88837719,111478.27451,59033.902286
735,4857112,1617132960,59034.94,59055.57,59000.0,59000.0,1.53579025,90646.487105,59022.699946
736,4857113,1617133020,58964.78,58994.71,58964.72,58985.81,0.63568131,37491.802446,58978.928366
737,4857114,1617133080,58978.66,59003.86,58975.84,59003.86,1.03724583,61188.672319,58991.485479
738,4857115,1617133140,59000.02,59005.73,58975.42,58980.51,0.75509874,44539.315191,58984.75634
739,4857116,1617133200,58984.94,58984.94,58922.79,58922.79,0.77305817,45565.422485,58941.777285
740,4857117,1617133260,58932.41,58932.41,58904.2,58918.67,0.37049657,21831.02139,58923.680158
741,4857118,1617133320,58919.21,58930.29,58892.99,58920.67,3.2806732,193289.24085,58917.554131
742,4857119,1617133380,58918.68,58938.69,58890.39,58923.53,5.54448351,326693.71317,58922.298638
743,4857120,1617133440,58912.27,58919.67,58887.3,58919.67,0.94077243,55407.807211,58896.078844
744,4857121,1617133500,58908.29,58973.66,58902.88,58942.86,0.53480795,31516.103295,58929.758421
745,4857122,1617133560,58949.22,58976.58,58946.15,58946.15,0.84424215,49774.332161,58957.411876
746,4857123,1617133620,58938.43,58947.63,58926.52,58926.52,0.63143253,37215.367977,58937.996078
747,4857124,1617133680,58935.56,58945.13,58900.03,58924.4,0.37925375,22350.116938,58931.828461
748,4857125,1617133740,58918.61,58942.76,58918.61,58942.76,0.1958696,11542.091853,58927.428521
749,4857126,1617133800,58925.44,58947.64,58920.3,58925.23,0.1583789,9332.1936454,58923.212912
750,4857127,1617133860,58919.72,58967.99,58919.72,58944.15,3.35206111,197568.43726,58939.390057
751,4857128,1617133920,58944.15,58958.62,58930.68,58930.68,1.90950559,112569.80179,58952.329012
752,4857129,1617133980,58937.74,58961.85,58931.59,58946.29,2.45550273,144774.07751,58959.03749
753,4857130,1617134040,58950.12,58988.24,58949.11,58981.84,1.19118185,70249.450317,58974.580848
754,4857131,1617134100,58958.56,58977.75,58950.0,58958.69,4.4682632,263449.56755,58960.172165
755,4857132,1617134160,58961.12,58991.69,58953.64,58976.5,2.61409419,154177.54037,58979.336306
756,4857133,1617134220,58976.53,59015.66,58972.44,58991.78,1.92513093,113588.43337,59002.965254
757,4857134,1617134280,58992.37,59030.41,58991.78,59030.41,1.39206457,82167.275441,59025.47713
758,4857135,1617134340,59030.41,59118.91,59030.41,59118.91,8.40473744,496533.18248,59077.774412
759,4857136,1617134400,59118.91,59135.0,59023.96,59037.79,2.6843436,158619.61284,59090.651748
760,4857137,1617134460,59014.42,59032.73,58976.48,58992.61,1.30005509,76699.526532,58997.135677
761,4857138,1617134520,58992.61,59009.48,58885.1,58885.1,3.11345723,183451.41901,58922.09382
762,4857139,1617134580,58906.72,58916.68,58872.87,58916.68,2.83982265,167255.75671,58896.550003
763,4857140,1617134640,58911.04,58920.99,58893.0,58897.11,1.16931118,68869.760507,58897.718319
764,4857141,1617134700,58893.29,58903.35,58837.82,58851.6,3.18988713,187822.03269,58880.463487
765,4857142,1617134760,58851.6,58859.83,58821.19,58847.32,2.36700123,139266.28828,58836.593117
766,4857143,1617134820,58788.14,58844.79,58781.93,58822.04,7.78292532,457795.18797,58820.452356
767,4857144,1617134880,58820.39,58820.39,58710.12,58710.12,2.55139512,149850.84341,58732.903514
768,4857145,1617134940,58709.09,58727.43,58687.06,58719.89,1.58833876,93231.309958,58697.371308
769,4857146,1617135000,58713.25,58720.3,58623.24,58623.24,5.11680072,300307.98214,58690.576118
770,4857147,1617135060,58628.54,58647.25,58577.87,58594.78,1.23781136,72558.252285,58618.182568
771,4857148,1617135120,58594.77,58643.96,58574.56,58643.96,1.44177527,84514.402933,58618.291416
772,4857149,1617135180,58658.61,58702.56,58600.0,58602.35,1.19015398,69799.924646,58647.810132
773,4857150,1617135240,58593.07,58611.28,58523.33,58577.4,1.8236957,106792.03032,58558.031543
774,4857151,1617135300,58567.49,58664.92,58567.49,58617.83,1.1445437,67095.916836,58622.415934
775,4857152,1617135360,58636.08,58748.94,58636.08,58730.28,0.88815328,52123.765981,58687.804408
776,4857153,1617135420,58721.26,58774.3,58695.46,58774.3,0.42601365,25021.236651,58733.415353
777,4857154,1617135480,58763.16,58779.3,58713.26,58763.98,2.21721662,130282.80196,58759.618154
778,4857155,1617135540,58797.58,58800.0,58770.42,58800.0,2.27737585,133885.46598,58789.358807
779,4857156,1617135600,58779.7,58780.11,58670.82,58722.78,2.60916742,153142.78776,58694.12081
780,4857157,1617135660,58722.78,58758.38,58722.57,58727.75,0.6504178,38205.48808,58739.917758
781,4857158,1617135720,58717.17,58717.17,58600.0,58605.57,2.18791202,128320.29727,58649.660542
782,4857159,1617135780,58611.49,58619.95,58541.44,58572.91,0.95915399,56175.716437,58567.984935
783,4857160,1617135840,58567.0,58567.01,58485.38,58509.88,2.07750556,121591.93511,58527.850637
784,4857161,1617135900,58540.66,58617.95,58515.71,58515.71,1.69801664,99445.950423,58565.945752
785,4857162,1617135960,58539.51,58602.43,58507.17,58580.25,0.26885102,15737.109666,58534.684621
786,4857163,1617136020,58581.75,58581.75,58490.57,58526.03,0.4468189,26148.600065,58521.69652
787,4857164,1617136080,58496.07,58515.33,58483.47,58486.53,1.10376484,64575.458301,58504.724884
788,4857165,1617136140,58501.79,58565.8,58491.0,58556.95,0.82021475,48000.117285,58521.402211
789,4857166,1617136200,58557.8,58648.11,58557.8,58648.11,0.94789641,55578.205695,58633.206233
790,4857167,1617136260,58643.48,58643.48,58538.06,58539.24,1.70741442,100052.20937,58598.667197
791,4857168,1617136320,58521.67,58570.63,58513.69,58547.27,0.69885743,40912.610676,58542.141673
792,4857169,1617136380,58552.94,58552.94,58490.79,58507.36,0.13403028,7841.2825154,58503.813582
793,4857170,1617136440,58509.0,58557.04,58402.82,58468.98,3.15843109,184632.69419,58457.091172
794,4857171,1617136500,58471.02,58595.52,58458.88,58569.17,4.76738322,279170.99612,58558.538979
795,4857172,1617136560,58582.02,58627.27,58551.99,58551.99,4.11864075,241335.11441,58595.815722
796,4857173,1617136620,58538.85,58568.36,58520.93,58553.26,2.24281405,131296.9222,58541.153781
797,4857174,1617136680,58553.26,58586.68,58553.26,58576.64,1.10791227,64886.693528,58566.634999
798,4857175,1617136740,58567.11,58647.74,58567.11,58616.83,1.22962638,72047.634424,58593.110554
799,4857176,1617136800,58631.16,58642.0,58577.8,58577.8,0.96671634,56663.282018,58614.176334
800,4857177,1617136860,58611.02,58702.79,58611.02,58692.46,3.95613707,232095.19685,58667.127235
801,4857178,1617136920,58703.47,58705.93,58693.29,58697.65,0.76123646,44682.235484,58696.919856
802,4857179,1617136980,58697.65,58701.93,58667.89,58675.64,1.64082582,96269.05967,58671.102378
803,4857180,1617137040,58690.1,58740.64,58690.1,58703.53,0.7814034,45885.835402,58722.339066
804,4857181,1617137100,58707.18,58768.01,58707.18,58754.86,0.72501189,42593.394827,58748.54663
805,4857182,1617137160,58749.08,58763.0,58736.37,58763.0,1.34154405,78812.863175,58747.875759
806,4857183,1617137220,58742.45,58752.92,58722.14,58722.14,0.30690802,18028.231701,58741.481245
807,4857184,1617137280,58734.85,58756.87,58720.39,58735.91,3.00308415,176395.84545,58738.229313
808,4857185,1617137340,58752.75,58787.38,58707.39,58707.39,5.00271993,293878.50475,58743.745176
809,4857186,1617137400,58693.13,58693.13,58622.7,58644.85,11.05039931,648330.01687,58670.279569
810,4857187,1617137460,58651.85,58739.37,58651.85,58739.37,4.90897913,288066.22511,58681.493133
811,4857188,1617137520,58739.37,58771.46,58722.85,58733.73,1.43995886,84601.103231,58752.444657
812,4857189,1617137580,58756.69,58758.37,58730.0,58734.83,0.43766589,25707.966168,58738.79312
813,4857190,1617137640,58727.85,58727.85,58687.94,58687.94,0.87179502,51193.413124,58721.846247
814,4857191,1617137700,58713.35,58719.58,58679.66,58679.66,0.42724068,25080.78508,58704.112821
815,4857192,1617137760,58679.31,58709.65,58664.67,58696.57,0.3183311,18684.545508,58695.319146
816,4857193,1617137820,58672.79,58685.19,58640.86,58648.45,0.97045714,56924.097009,58656.992321
817,4857194,1617137880,58645.45,58666.81,58645.08,58666.81,0.06404681,3756.9324008,58659.165083
818,4857195,1617137940,58662.58,58669.98,58652.54,58669.04,0.31692,18589.106814,58655.518157
819,4857196,1617138000,58644.04,58670.91,58591.06,58591.06,9.97958709,585005.68024,58620.22897
820,4857197,1617138060,58592.54,58609.63,58570.57,58605.69,0.66511672,38976.739285,58601.352384
821,4857198,1617138120,58605.47,58664.96,58575.85,58664.96,2.63814709,154607.89386,58604.728464
822,4857199,1617138180,58664.96,58680.0,58662.01,58680.0,8.80418711,516620.84288,58678.994032
823,4857200,1617138240,58680.0,58690.92,58674.89,58690.92,3.09993476,181914.06899,58683.192736
824,4857201,1617138300,58690.92,58690.92,58630.34,58630.34,6.08153346,356848.35478,58677.364374
825,4857202,1617138360,58651.02,58651.02,58622.68,58649.76,0.41122529,24117.964325,58649.029892
826,4857203,1617138420,58639.87,58650.29,58620.05,58636.01,3.06879513,179937.8119,58634.677219
827,4857204,1617138480,58620.05,58671.36,58620.05,58667.42,0.7086504,41549.923922,58632.470851
828,4857205,1617138540,58675.74,58703.1,58674.03,58703.1,0.08292,4866.4525242,58688.525376
829,4857206,1617138600,58709.6,58709.6,58709.6,58709.6,0.00391,229.554536,58709.6
830,4857207,1617138660,58683.76,58712.29,58655.2,58685.73,0.81753083,47970.602112,58677.422736
831,4857208,1617138720,58682.15,58720.35,58669.28,58718.91,0.09340626,5481.7683658,58687.37669
832,4857209,1617138780,58693.63,58754.75,58693.63,58754.75,0.21235632,12471.26386,58728.008942
833,4857210,1617138840,58718.97,58735.64,58696.67,58735.64,0.55819,32783.96116,58732.620003
834,4857211,1617138900,58720.0,58731.87,58711.95,58731.87,0.18926,11113.95153,58723.193123
835,4857212,1617138960,58725.08,58727.18,58725.08,58726.06,0.04576,2687.3318546,58726.657662
836,4857213,1617139020,58726.06,58727.92,58718.0,58718.0,0.22434397,13173.233645,58718.911166
837,4857214,1617139080,58718.0,58724.06,58706.68,58724.06,0.06540721,3839.9652124,58708.592102
838,4857215,1617139140,58718.22,58718.22,58706.68,58706.68,0.22710453,13333.692297,58711.696754
839,4857216,1617139200,58712.07,58724.6,58706.68,58724.6,1.17693693,69114.139837,58723.741329
840,4857217,1617139260,58706.68,58723.35,58690.0,58690.0,2.92665275,171770.82286,58691.904209
841,4857218,1617139320,58691.1,58691.1,58675.44,58682.12,0.88607994,52003.677017,58689.599741
842,4857219,1617139380,58682.12,58682.12,58657.24,58657.24,0.30663273,17989.867804,58669.104907
843,4857220,1617139440,58645.05,58645.05,58635.51,58642.74,0.08615398,5052.3419006,58643.163097
844,4857221,1617139500,58642.74,58642.74,58620.05,58642.44,0.03108173,1822.5676196,58637.907852
845,4857222,1617139560,58624.19,58624.58,58596.07,58624.58,1.18433412,69425.939609,58620.230927
846,4857223,1617139620,58661.67,58679.95,58661.67,58664.64,0.12867429,7549.1389589,58668.588409
847,4857224,1617139680,58683.08,58697.39,58663.04,58697.39,0.29022623,17033.806293,58691.477654
848,4857225,1617139740,58697.39,58751.92,58693.44,58751.92,2.29189085,134580.14915,58720.138943
849,4857226,1617139800,58746.51,58746.51,58730.01,58730.06,0.20579349,12087.040806,58733.83461
850,4857227,1617139860,58711.96,58711.96,58690.68,58696.44,0.15996633,9390.4286025,58702.53198
851,4857228,1617139920,58678.59,58707.45,58678.59,58701.99,0.17946647,10533.264393,58692.102167
852,4857229,1617139980,58681.27,58696.78,58664.54,58696.32,0.38609547,22659.45417,58688.733566
853,4857230,1617140040,58696.78,58699.4,58696.78,58696.79,0.24146,14172.92729,58696.79156
854,4857231,1617140100,58696.79,58709.67,58696.79,58708.61,0.18733,10997.25707,58705.263814
855,4857232,1617140160,58708.37,58757.96,58708.37,58757.96,2.35169112,138093.21015,58720.811152
856,4857233,1617140220,58763.39,58763.46,58736.92,58755.73,0.11663951,6853.9927734,58762.187645
857,4857234,1617140280,58756.57,58756.57,58730.05,58730.05,0.07532698,4425.5345038,58750.988077
858,4857235,1617140340,58762.5,58762.5,58762.45,58762.45,0.01571,923.158793,58762.49478
859,4857236,1617140400,58756.06,58764.54,58730.69,58758.24,0.22342581,13123.818124,58739.042386
860,4857237,1617140460,58749.54,58753.83,58739.89,58739.89,0.5088959,29895.832838,58746.460402
861,4857238,1617140520,58743.15,58743.15,58690.22,58690.22,0.17170356,10081.135291,58712.441904
862,4857239,1617140580,58721.76,58721.76,58715.88,58715.88,0.03921,2302.293827,58717.006554
863,4857240,1617140640,58709.17,58710.21,58705.24,58709.22,0.41049764,24099.729356,58708.569814
864,4857241,1617140700,58682.77,58682.77,58643.54,58670.45,0.21137725,12402.672242,58675.530324
865,4857242,1617140760,58664.67,58664.72,58627.36,58656.92,0.1342916,7878.0078641,58663.444803
866,4857243,1617140820,58659.81,58713.77,58659.81,58708.06,0.09546765,5602.317282,58682.886632
867,4857244,1617140880,58701.36,58713.77,58682.72,58682.72,0.02975443,1746.927708,58711.516504
868,4857245,1617140940,58694.67,58713.82,58694.67,58713.82,0.41921103,24608.882177,58702.849916
869,4857246,1617141000,58711.15,58734.96,58711.15,58734.96,0.03015,1770.4017475,58719.79262
870,4857247,1617141060,58734.96,58748.77,58713.66,58748.46,0.03522295,2068.9655843,58739.134125
871,4857248,1617141120,58748.46,58748.46,58738.37,58738.37,0.00769,451.7592107,58746.321287
872,4857249,1617141180,58745.07,58800.0,58745.07,58800.0,0.55952999,32885.23348,58772.959569
873,4857250,1617141240,58816.48,58872.27,58816.48,58872.27,1.55804268,91698.301668,58854.807282
874,4857251,1617141300,58841.63,58841.63,58775.82,58796.78,1.30639489,76813.955821,58798.420301
875,4857252,1617141360,58779.53,58779.53,58779.53,58779.53,0.034,1998.50402,58779.53
876,4857253,1617141420,58764.92,58778.77,58730.0,58758.61,0.05197559,3053.5856464,58750.379675
877,4857254,1617141480,58758.66,58761.99,58730.0,58761.99,0.02365595,1390.0060005,58759.255092
878,4857255,1617141540,58734.83,58760.0,58732.8,58759.04,0.54904165,32261.185624,58759.086171
879,4857256,1617141600,58758.44,58762.56,58758.44,58762.56,0.5734843,33699.187441,58762.179612
880,4857257,1617141660,58787.45,58809.8,58787.45,58807.2,5.21759859,306797.00245,58800.422677
881,4857258,1617141720,58803.74,58803.74,58803.74,58803.74,0.03512,2065.1873488,58803.74
882,4857259,1617141780,58817.81,58817.81,58801.14,58801.14,0.20652856,12146.398801,58812.199153
883,4857260,1617141840,58801.88,58808.58,58781.65,58788.69,3.88935162,228689.93538,58798.987009
884,4857261,1617141900,58788.77,58788.77,58701.46,58707.77,12.74288732,748749.3809,58758.220339
885,4857262,1617141960,58759.61,58778.58,58729.14,58773.14,2.45597212,144340.09241,58771.063091
886,4857263,1617142020,58797.48,58854.32,58797.48,58849.89,0.44109199,25953.179652,58838.474151
887,4857264,1617142080,58862.22,58866.22,58809.31,58809.31,1.31826894,77542.674003,58821.589169
888,4857265,1617142140,58838.16,58857.09,58813.59,58813.59,0.59810278,35177.876989,58815.772415
889,4857266,1617142200,58821.33,58859.55,58814.38,58841.75,3.97635412,233972.54034,58840.971723
890,4857267,1617142260,58845.77,58887.45,58845.77,58887.45,3.11561484,183394.12125,58862.898873
891,4857268,1617142320,58872.25,58895.72,58872.25,58880.87,0.1815098,10687.051841,58878.649203
892,4857269,1617142380,58880.87,58892.35,58865.37,58883.08,1.30021744,76560.028041,58882.480488
893,4857270,1617142440,58863.96,58939.8,58862.59,58883.91,6.44218854,379629.68159,58928.682269
894,4857271,1617142500,58918.58,58918.58,58877.22,58877.22,0.02152205,1267.6338668,58899.308701
895,4857272,1617142560,58870.52,58909.2,58863.23,58894.5,1.88569584,111040.05273,58885.452453
896,4857273,1617142620,58874.55,58874.55,58839.32,58839.32,0.37000483,21780.176817,58864.574327
897,4857274,1617142680,58840.37,58847.43,58828.25,58828.25,0.30335168,17848.219516,58836.725468
898,4857275,1617142740,58842.23,58848.74,58820.87,58847.4,0.110964,6529.911953,58847.121165
899,4857276,1617142800,58883.1,58933.71,58883.1,58917.89,0.87495806,51537.134265,58902.405294
900,4857277,1617142860,58902.63,58941.34,58902.63,58916.8,0.81119894,47804.914739,58931.184919
901,4857278,1617142920,58904.99,58904.99,58881.85,58883.38,0.16885011,9942.3154358,58882.493093
902,4857279,1617142980,58879.93,58893.57,58871.28,58871.28,1.66932415,98282.751293,58875.773943
903,4857280,1617143040,58866.08,58895.04,58854.75,58895.04,0.63808015,37570.094839,58879.899082
904,4857281,1617143100,58885.23,58885.23,58862.6,58868.73,0.03070592,1807.6251851,58868.947263
905,4857282,1617143160,58860.64,58860.64,58846.38,58849.27,0.61572096,36235.418361,58850.389567
906,4857283,1617143220,58825.83,58856.99,58801.31,58839.79,1.38226223,81308.904901,58823.067821
907,4857284,1617143280,58839.12,58839.12,58820.3,58834.39,0.0681443,4008.4209252,58822.541654
908,4857285,1617143340,58838.09,58838.09,58799.24,58822.52,0.12774542,7512.3789285,58807.42283
909,4857286,1617143400,58824.27,58868.73,58824.27,58868.73,0.69868187,41111.178979,58841.055914
910,4857287,1617143460,58825.43,58831.12,58808.52,58813.18,0.58787586,34572.469896,58809.133439
911,4857288,1617143520,58813.18,58819.9,58796.48,58812.99,0.019107,1123.6650062,58809.075532
912,4857289,1617143580,58804.71,58804.71,58789.97,58795.38,0.22231358,13070.453017,58792.868242
913,4857290,1617143640,58795.14,58811.1,58771.18,58785.41,0.99004518,58200.84648,58786.051036
914,4857291,1617143700,58799.48,58799.48,58740.34,58752.16,0.05582066,3280.0884718,58761.19114
915,4857292,1617143760,58752.16,58770.94,58699.82,58739.95,3.60398484,211719.26746,58745.881812
916,4857293,1617143820,58719.02,58726.05,58709.16,58709.16,1.33643619,78468.236192,58714.540043
917,4857294,1617143880,58710.6,58736.47,58700.11,58736.47,0.97357661,57179.517646,58731.400342
918,4857295,1617143940,58761.75,58786.33,58761.75,58783.43,0.89489363,52600.947433,58778.99414
919,4857296,1617144000,58764.18,58775.08,58764.18,58766.37,0.0186912,1098.489122,58770.390452
920,4857297,1617144060,58758.42,58760.78,58735.63,58735.63,0.51957493,30522.469315,58745.077087
921,4857298,1617144120,58737.77,58744.05,58704.33,58704.33,0.19031623,11173.228358,58708.752048
922,4857299,1617144180,58725.27,58736.83,58696.53,58720.0,0.26984198,15840.641116,58703.397878
923,4857300,1617144240,58721.73,58742.98,58705.52,58742.98,0.11389682,6689.3420048,58731.595885
924,4857301,1617144300,58757.61,58785.18,58757.61,58771.34,0.26905213,15812.45846,58770.98412
925,4857302,1617144360,58753.77,58753.77,58722.7,58722.7,0.07607774,4468.5640567,58736.813905
926,4857303,1617144420,58733.57,58749.87,58683.01,58702.56,0.43485101,25539.140155,58730.782654
927,4857304,1617144480,58706.66,58710.06,58666.39,58666.39,0.02659706,1561.2864051,58701.465693
928,4857305,1617144540,58642.58,58688.26,58642.58,58675.26,0.45902015,26924.080067,58655.551542
929,4857306,1617144600,58689.97,58694.96,58669.93,58694.96,0.30122471,17678.970117,58690.305043
930,4857307,1617144660,58656.24,58703.23,58651.9,58698.91,1.12125948,65773.397341,58660.282043
931,4857308,1617144720,58701.59,58702.09,58678.31,58678.31,0.71281828,41827.922441,58679.643346
932,4857309,1617144780,58651.55,58692.56,58651.55,58692.56,0.13250331,7776.382724,58688.214838
933,4857310,1617144840,58689.87,58712.48,58669.5,58703.95,0.74072527,43479.81478,58698.97591
934,4857311,1617144900,58716.46,58721.0,58712.34,58712.34,0.04272999,2508.9503448,58716.380341
935,4857312,1617144960,58714.67,58714.67,58681.64,58703.26,0.34450398,20218.139808,58687.681366
936,4857313,1617145020,58681.64,58721.0,58680.76,58706.76,0.83424824,48969.640352,58699.123359
937,4857314,1617145080,58686.42,58705.95,58686.42,58705.95,0.01325639,778.21732102,58705.071367
938,4857315,1617145140,58697.28,58722.57,58697.02,58711.15,0.44242419,25971.603997,58702.947498
939,4857316,1617145200,58699.43,58699.43,58643.16,58657.09,0.28170214,16521.438155,58648.607194
940,4857317,1617145260,58651.94,58651.95,58630.38,58651.95,0.11607718,6807.7681488,58648.634889
941,4857318,1617145320,58665.72,58665.72,58665.72,58665.72,0.00163,95.6251236,58665.72
942,4857319,1617145380,58660.85,58662.96,58599.47,58599.47,1.38647184,81253.472782,58604.48834
943,4857320,1617145440,58617.65,58653.58,58567.11,58622.88,1.74616802,102298.04571,58584.308348
944,4857321,1617145500,58639.35,58639.35,58622.87,58632.99,0.00639098,374.708788,58630.881022
945,4857322,1617145560,58605.42,58605.42,58588.37,58596.81,1.74606653,102315.61662,58597.776697
946,4857323,1617145620,58596.81,58618.25,58596.81,58597.38,0.0014973,87.754299564,58608.361426
947,4857324,1617145680,58635.62,58635.62,58607.5,58623.63,0.00890719,522.18216823,58624.792805
948,4857325,1617145740,58635.62,58670.06,58635.62,58670.06,0.15314868,8983.7336466,58660.209456
949,4857326,1617145800,58674.55,58723.52,58674.55,58723.52,0.70165983,41174.742313,58681.91473
950,4857327,1617145860,58729.09,58732.12,58706.24,58706.24,0.04714619,2768.8026356,58728.025226
951,4857328,1617145920,58710.76,58712.46,58667.44,58712.46,1.55596453,91326.431772,58694.417521
952,4857329,1617145980,58734.72,58734.72,58704.96,58704.96,0.08117594,4767.1985697,58726.743043
953,4857330,1617146040,58681.96,58733.62,58681.96,58733.62,0.01896176,1113.4615586,58721.424522
954,4857331,1617146100,58704.85,58704.85,58687.45,58695.71,0.01356,796.0146513,58703.145376
955,4857332,1617146160,58672.56,58672.56,58615.55,58636.47,0.05168951,3032.3056233,58663.849267
956,4857333,1617146220,58642.44,58642.44,58622.13,58622.13,0.065867,3861.5309109,58626.184749
957,4857334,1617146280,58627.77,58627.77,58619.3,58619.3,0.01299715,761.95295019,58624.61772
958,4857335,1617146340,58601.91,58637.06,58601.91,58625.31,0.03300519,1934.8060085,58621.265579
959,4857336,1617146400,58633.63,58681.14,58631.65,58631.65,2.07766064,121834.77394,58640.362911
960,4857337,1617146460,58633.49,58656.9,58630.55,58656.9,0.5539027,32477.487565,58633.921743
961,4857338,1617146520,58618.05,58618.05,58617.21,58617.21,0.33063417,19380.960014,58617.534945
962,4857339,1617146580,58602.44,58631.35,58573.63,58631.35,0.03012841,1765.3827453,58595.284161
963,4857340,1617146640,,,,,,,
964,4857341,1617146700,58633.33,58673.85,58633.33,58673.85,1.03624018,60777.507795,58651.95055
965,4857342,1617146760,58683.81,58701.43,58683.81,58692.46,0.13884958,8149.8501279,58695.533166
966,4857343,1617146820,58693.53,58730.96,58693.53,58730.96,0.55796228,32757.532625,58709.22426
967,4857344,1617146880,58739.57,58739.57,58721.65,58721.65,0.08708993,5115.0706438,58733.204215
968,4857345,1617146940,58737.12,58748.45,58727.63,58748.45,0.70532453,41433.71163,58744.180682
969,4857346,1617147000,58766.56,58766.56,58744.88,58744.88,0.14496727,8518.6615618,58762.654231
970,4857347,1617147060,58736.03,58736.03,58736.03,58736.03,0.02066802,1213.9574428,58736.03
971,4857348,1617147120,58747.67,58755.94,58747.67,58755.94,0.01210851,711.39469376,58751.629536
972,4857349,1617147180,58730.44,58730.44,58704.68,58704.68,0.81409177,47803.361648,58719.86846
973,4857350,1617147240,58705.19,58728.74,58705.19,58728.74,0.02119193,1244.103763,58706.486998
974,4857351,1617147300,58669.75,58669.75,58669.75,58669.75,2.492,146205.017,58669.75
975,4857352,1617147360,58653.68,58654.71,58628.24,58628.24,0.53510391,31386.273685,58654.539985
976,4857353,1617147420,58630.02,58642.47,58630.02,58642.47,0.15695,9202.342689,58632.320414
977,4857354,1617147480,58600.2,58600.2,58600.2,58600.2,0.01,586.002,58600.2
978,4857355,1617147540,58610.73,58647.77,58610.73,58616.45,0.01522231,892.30475626,58618.222612
979,4857356,1617147600,58616.33,58616.33,58616.33,58616.33,0.00050297,29.4822555,58616.33
980,4857357,1617147660,58616.33,58616.33,58616.33,58616.33,0.00069123,40.517365786,58616.33
981,4857358,1617147720,58606.95,58620.59,58606.95,58620.59,0.00340435,199.55702262,58618.245075
982,4857359,1617147780,58608.96,58608.96,58606.95,58608.38,17.44345086,1022332.7874,58608.402406
983,4857360,1617147840,58599.78,58600.0,58599.78,58600.0,3.00008631,175805.05764,58599.999957
984,4857361,1617147900,58599.99,58600.0,58599.99,58600.0,10.41217779,610153.61519,58599.999683
985,4857362,1617147960,58631.74,58699.0,58631.74,58666.54,10.42143181,611632.48225,58689.870394
986,4857363,1617148020,58680.18,58702.79,58680.18,58702.79,0.14419888,8461.8186708,58681.583871
987,4857364,1617148080,58699.45,58699.45,58675.12,58677.7,1.1650735,68363.404949,58677.332331
988,4857365,1617148140,58673.2,58673.2,58644.13,58644.13,0.84399831,49495.654991,58644.258412
989,4857366,1617148200,58673.2,58689.44,58673.2,58689.44,0.576412,33822.378068,58677.435702
990,4857367,1617148260,58677.05,58699.9,58660.0,58699.9,2.67267613,156832.69213,58680.02126
991,4857368,1617148320,,,,,,,
992,4857369,1617148380,58718.68,58731.23,58698.34,58698.5,0.20798259,12209.055282,58702.294657
993,4857370,1617148440,58736.19,58762.43,58736.19,58739.95,0.04155878,2441.3765717,58745.145351
994,4857371,1617148500,58742.18,58742.18,58714.31,58714.31,2.51999901,148004.44811,58731.946927
995,4857372,1617148560,58714.31,58714.31,58686.0,58686.0,1.38448731,81259.372187,58692.753339
996,4857373,1617148620,58683.97,58693.43,58683.97,58685.81,7.29484767,428158.14664,58693.226508
997,4857374,1617148680,58693.43,58723.84,58693.43,58723.84,1.70568236,100117.07037,58696.198496
998,4857375,1617148740,58742.18,58770.38,58742.18,58760.59,0.72041549,42332.958633,58761.866202
999,4857376,1617148800,58767.75,58778.18,58755.97,58778.18,2.71283104,159417.751,58764.349363
